case_id,case_name,court,year,bench,acts_involved,legal_issue,summary,full_text
CASE-2000,Property Title Conflict Case 1 vs Respondent,Bombay High Court,2000,"Justice A. Kumar, Justice B. Mehta",Rent Control Act,Property title conflict,This case deals with Property title conflict. The court examined relevant provisions under Rent Control Act and evaluated arguments from both parties regarding procedural fairness and compliance with statutory requirements.,"Property Title Conflict Case 1 vs Respondent (Bombay High Court, 2000)

Bench: Justice A. Kumar, Justice B. Mehta
Act(s) Involved: Rent Control Act
Issue: Property title conflict

Facts: The dispute arises from allegations concerning property title conflict. The petitioner argued that their rights were violated, while the respondent maintained adherence to legal procedures.

Arguments: Both parties presented extensive submissions regarding the applicability of case precedents, statutory interpretation, and procedural safeguards.

Judgment: After reviewing precedents and statutory provisions under Rent Control Act, the court held that the matter required careful interpretation of legal obligations. The court ruled in favor of the petitioner, citing principles of natural justice, proportionality, and due process.

Keywords: Property title conflict, Rent Control Act, judgment, reasoning, legal interpretation, relief granted
"
CASE-2001,Breach Of Contract Case 2 vs Respondent,Karnataka High Court,2024,"Justice A. Kumar, Justice B. Mehta","Indian Penal Code, 1860",Breach of contract,"This case deals with Breach of contract. The court examined relevant provisions under Indian Penal Code, 1860 and evaluated arguments from both parties regarding procedural fairness and compliance with statutory requirements.","Breach Of Contract Case 2 vs Respondent (Karnataka High Court, 2024)

Bench: Justice A. Kumar, Justice B. Mehta
Act(s) Involved: Indian Penal Code, 1860
Issue: Breach of contract

Facts: The dispute arises from allegations concerning breach of contract. The petitioner argued that their rights were violated, while the respondent maintained adherence to legal procedures.

Arguments: Both parties presented extensive submissions regarding the applicability of case precedents, statutory interpretation, and procedural safeguards.

Judgment: After reviewing precedents and statutory provisions under Indian Penal Code, 1860, the court held that the matter required careful interpretation of legal obligations. The court ruled in favor of the respondent, citing principles of natural justice, proportionality, and due process.

Keywords: Breach of contract, Indian Penal Code, 1860, judgment, reasoning, legal interpretation, relief granted
"
CASE-2002,Illegal Termination Case 3 vs Respondent,Supreme Court of India,2018,"Justice A. Kumar, Justice B. Mehta","Code of Criminal Procedure, 1973",Illegal termination,"This case deals with Illegal termination. The court examined relevant provisions under Code of Criminal Procedure, 1973 and evaluated arguments from both parties regarding procedural fairness and compliance with statutory requirements.","Illegal Termination Case 3 vs Respondent (Supreme Court of India, 2018)

Bench: Justice A. Kumar, Justice B. Mehta
Act(s) Involved: Code of Criminal Procedure, 1973
Issue: Illegal termination

Facts: The dispute arises from allegations concerning illegal termination. The petitioner argued that their rights were violated, while the respondent maintained adherence to legal procedures.

Arguments: Both parties presented extensive submissions regarding the applicability of case precedents, statutory interpretation, and procedural safeguards.

Judgment: After reviewing precedents and statutory provisions under Code of Criminal Procedure, 1973, the court held that the matter required careful interpretation of legal obligations. The court ruled in favor of the petitioner, citing principles of natural justice, proportionality, and due process.

Keywords: Illegal termination, Code of Criminal Procedure, 1973, judgment, reasoning, legal interpretation, relief granted
"
CASE-2003,Breach Of Contract Case 4 vs Respondent,Karnataka High Court,2014,"Justice A. Kumar, Justice B. Mehta","Indian Penal Code, 1860",Breach of contract,"This case deals with Breach of contract. The court examined relevant provisions under Indian Penal Code, 1860 and evaluated arguments from both parties regarding procedural fairness and compliance with statutory requirements.","Breach Of Contract Case 4 vs Respondent (Karnataka High Court, 2014)

Bench: Justice A. Kumar, Justice B. Mehta
Act(s) Involved: Indian Penal Code, 1860
Issue: Breach of contract

Facts: The dispute arises from allegations concerning breach of contract. The petitioner argued that their rights were violated, while the respondent maintained adherence to legal procedures.

Arguments: Both parties presented extensive submissions regarding the applicability of case precedents, statutory interpretation, and procedural safeguards.

Judgment: After reviewing precedents and statutory provisions under Indian Penal Code, 1860, the court held that the matter required careful interpretation of legal obligations. The court ruled in favor of the respondent, citing principles of natural justice, proportionality, and due process.

Keywords: Breach of contract, Indian Penal Code, 1860, judgment, reasoning, legal interpretation, relief granted
"
CASE-2004,Salary Dispute Case 5 vs Respondent,Madras High Court,2024,"Justice A. Kumar, Justice B. Mehta","Transfer of Property Act, 1882",Salary dispute,"This case deals with Salary dispute. The court examined relevant provisions under Transfer of Property Act, 1882 and evaluated arguments from both parties regarding procedural fairness and compliance with statutory requirements.","Salary Dispute Case 5 vs Respondent (Madras High Court, 2024)

Bench: Justice A. Kumar, Justice B. Mehta
Act(s) Involved: Transfer of Property Act, 1882
Issue: Salary dispute

Facts: The dispute arises from allegations concerning salary dispute. The petitioner argued that their rights were violated, while the respondent maintained adherence to legal procedures.

Arguments: Both parties presented extensive submissions regarding the applicability of case precedents, statutory interpretation, and procedural safeguards.

Judgment: After reviewing precedents and statutory provisions under Transfer of Property Act, 1882, the court held that the matter required careful interpretation of legal obligations. The court ruled in favor of the petitioner, citing principles of natural justice, proportionality, and due process.

Keywords: Salary dispute, Transfer of Property Act, 1882, judgment, reasoning, legal interpretation, relief granted
"
CASE-2005,Illegal Termination Case 6 vs Respondent,Bombay High Court,2013,"Justice A. Kumar, Justice B. Mehta","Transfer of Property Act, 1882",Illegal termination,"This case deals with Illegal termination. The court examined relevant provisions under Transfer of Property Act, 1882 and evaluated arguments from both parties regarding procedural fairness and compliance with statutory requirements.","Illegal Termination Case 6 vs Respondent (Bombay High Court, 2013)

Bench: Justice A. Kumar, Justice B. Mehta
Act(s) Involved: Transfer of Property Act, 1882
Issue: Illegal termination

Facts: The dispute arises from allegations concerning illegal termination. The petitioner argued that their rights were violated, while the respondent maintained adherence to legal procedures.

Arguments: Both parties presented extensive submissions regarding the applicability of case precedents, statutory interpretation, and procedural safeguards.

Judgment: After reviewing precedents and statutory provisions under Transfer of Property Act, 1882, the court held that the matter required careful interpretation of legal obligations. The court ruled in favor of the respondent, citing principles of natural justice, proportionality, and due process.

Keywords: Illegal termination, Transfer of Property Act, 1882, judgment, reasoning, legal interpretation, relief granted
"
CASE-2006,Illegal Termination Case 7 vs Respondent,Karnataka High Court,2001,"Justice A. Kumar, Justice B. Mehta","Indian Contract Act, 1872",Illegal termination,"This case deals with Illegal termination. The court examined relevant provisions under Indian Contract Act, 1872 and evaluated arguments from both parties regarding procedural fairness and compliance with statutory requirements.","Illegal Termination Case 7 vs Respondent (Karnataka High Court, 2001)

Bench: Justice A. Kumar, Justice B. Mehta
Act(s) Involved: Indian Contract Act, 1872
Issue: Illegal termination

Facts: The dispute arises from allegations concerning illegal termination. The petitioner argued that their rights were violated, while the respondent maintained adherence to legal procedures.

Arguments: Both parties presented extensive submissions regarding the applicability of case precedents, statutory interpretation, and procedural safeguards.

Judgment: After reviewing precedents and statutory provisions under Indian Contract Act, 1872, the court held that the matter required careful interpretation of legal obligations. The court ruled in favor of the petitioner, citing principles of natural justice, proportionality, and due process.

Keywords: Illegal termination, Indian Contract Act, 1872, judgment, reasoning, legal interpretation, relief granted
"
CASE-2007,Fraud Allegations Case 8 vs Respondent,Delhi High Court,2009,"Justice A. Kumar, Justice B. Mehta","Indian Penal Code, 1860",Fraud allegations,"This case deals with Fraud allegations. The court examined relevant provisions under Indian Penal Code, 1860 and evaluated arguments from both parties regarding procedural fairness and compliance with statutory requirements.","Fraud Allegations Case 8 vs Respondent (Delhi High Court, 2009)

Bench: Justice A. Kumar, Justice B. Mehta
Act(s) Involved: Indian Penal Code, 1860
Issue: Fraud allegations

Facts: The dispute arises from allegations concerning fraud allegations. The petitioner argued that their rights were violated, while the respondent maintained adherence to legal procedures.

Arguments: Both parties presented extensive submissions regarding the applicability of case precedents, statutory interpretation, and procedural safeguards.

Judgment: After reviewing precedents and statutory provisions under Indian Penal Code, 1860, the court held that the matter required careful interpretation of legal obligations. The court ruled in favor of the respondent, citing principles of natural justice, proportionality, and due process.

Keywords: Fraud allegations, Indian Penal Code, 1860, judgment, reasoning, legal interpretation, relief granted
"
CASE-2008,Breach Of Contract Case 9 vs Respondent,Madras High Court,1999,"Justice A. Kumar, Justice B. Mehta","Evidence Act, 1872",Breach of contract,"This case deals with Breach of contract. The court examined relevant provisions under Evidence Act, 1872 and evaluated arguments from both parties regarding procedural fairness and compliance with statutory requirements.","Breach Of Contract Case 9 vs Respondent (Madras High Court, 1999)

Bench: Justice A. Kumar, Justice B. Mehta
Act(s) Involved: Evidence Act, 1872
Issue: Breach of contract

Facts: The dispute arises from allegations concerning breach of contract. The petitioner argued that their rights were violated, while the respondent maintained adherence to legal procedures.

Arguments: Both parties presented extensive submissions regarding the applicability of case precedents, statutory interpretation, and procedural safeguards.

Judgment: After reviewing precedents and statutory provisions under Evidence Act, 1872, the court held that the matter required careful interpretation of legal obligations. The court ruled in favor of the petitioner, citing principles of natural justice, proportionality, and due process.

Keywords: Breach of contract, Evidence Act, 1872, judgment, reasoning, legal interpretation, relief granted
"
CASE-2009,Illegal Termination Case 10 vs Respondent,Bombay High Court,2000,"Justice A. Kumar, Justice B. Mehta",Labour Industrial Disputes Act,Illegal termination,This case deals with Illegal termination. The court examined relevant provisions under Labour Industrial Disputes Act and evaluated arguments from both parties regarding procedural fairness and compliance with statutory requirements.,"Illegal Termination Case 10 vs Respondent (Bombay High Court, 2000)

Bench: Justice A. Kumar, Justice B. Mehta
Act(s) Involved: Labour Industrial Disputes Act
Issue: Illegal termination

Facts: The dispute arises from allegations concerning illegal termination. The petitioner argued that their rights were violated, while the respondent maintained adherence to legal procedures.

Arguments: Both parties presented extensive submissions regarding the applicability of case precedents, statutory interpretation, and procedural safeguards.

Judgment: After reviewing precedents and statutory provisions under Labour Industrial Disputes Act, the court held that the matter required careful interpretation of legal obligations. The court ruled in favor of the respondent, citing principles of natural justice, proportionality, and due process.

Keywords: Illegal termination, Labour Industrial Disputes Act, judgment, reasoning, legal interpretation, relief granted
"
CASE-2010,Property Title Conflict Case 11 vs Respondent,Bombay High Court,2012,"Justice A. Kumar, Justice B. Mehta","Indian Penal Code, 1860",Property title conflict,"This case deals with Property title conflict. The court examined relevant provisions under Indian Penal Code, 1860 and evaluated arguments from both parties regarding procedural fairness and compliance with statutory requirements.","Property Title Conflict Case 11 vs Respondent (Bombay High Court, 2012)

Bench: Justice A. Kumar, Justice B. Mehta
Act(s) Involved: Indian Penal Code, 1860
Issue: Property title conflict

Facts: The dispute arises from allegations concerning property title conflict. The petitioner argued that their rights were violated, while the respondent maintained adherence to legal procedures.

Arguments: Both parties presented extensive submissions regarding the applicability of case precedents, statutory interpretation, and procedural safeguards.

Judgment: After reviewing precedents and statutory provisions under Indian Penal Code, 1860, the court held that the matter required careful interpretation of legal obligations. The court ruled in favor of the petitioner, citing principles of natural justice, proportionality, and due process.

Keywords: Property title conflict, Indian Penal Code, 1860, judgment, reasoning, legal interpretation, relief granted
"
CASE-2011,Property Title Conflict Case 12 vs Respondent,Delhi High Court,2007,"Justice A. Kumar, Justice B. Mehta",Labour Industrial Disputes Act,Property title conflict,This case deals with Property title conflict. The court examined relevant provisions under Labour Industrial Disputes Act and evaluated arguments from both parties regarding procedural fairness and compliance with statutory requirements.,"Property Title Conflict Case 12 vs Respondent (Delhi High Court, 2007)

Bench: Justice A. Kumar, Justice B. Mehta
Act(s) Involved: Labour Industrial Disputes Act
Issue: Property title conflict

Facts: The dispute arises from allegations concerning property title conflict. The petitioner argued that their rights were violated, while the respondent maintained adherence to legal procedures.

Arguments: Both parties presented extensive submissions regarding the applicability of case precedents, statutory interpretation, and procedural safeguards.

Judgment: After reviewing precedents and statutory provisions under Labour Industrial Disputes Act, the court held that the matter required careful interpretation of legal obligations. The court ruled in favor of the respondent, citing principles of natural justice, proportionality, and due process.

Keywords: Property title conflict, Labour Industrial Disputes Act, judgment, reasoning, legal interpretation, relief granted
"
CASE-2012,Salary Dispute Case 13 vs Respondent,Karnataka High Court,2004,"Justice A. Kumar, Justice B. Mehta",Rent Control Act,Salary dispute,This case deals with Salary dispute. The court examined relevant provisions under Rent Control Act and evaluated arguments from both parties regarding procedural fairness and compliance with statutory requirements.,"Salary Dispute Case 13 vs Respondent (Karnataka High Court, 2004)

Bench: Justice A. Kumar, Justice B. Mehta
Act(s) Involved: Rent Control Act
Issue: Salary dispute

Facts: The dispute arises from allegations concerning salary dispute. The petitioner argued that their rights were violated, while the respondent maintained adherence to legal procedures.

Arguments: Both parties presented extensive submissions regarding the applicability of case precedents, statutory interpretation, and procedural safeguards.

Judgment: After reviewing precedents and statutory provisions under Rent Control Act, the court held that the matter required careful interpretation of legal obligations. The court ruled in favor of the petitioner, citing principles of natural justice, proportionality, and due process.

Keywords: Salary dispute, Rent Control Act, judgment, reasoning, legal interpretation, relief granted
"
CASE-2013,Negligence Liability Case 14 vs Respondent,Delhi High Court,1999,"Justice A. Kumar, Justice B. Mehta","Indian Penal Code, 1860",Negligence liability,"This case deals with Negligence liability. The court examined relevant provisions under Indian Penal Code, 1860 and evaluated arguments from both parties regarding procedural fairness and compliance with statutory requirements.","Negligence Liability Case 14 vs Respondent (Delhi High Court, 1999)

Bench: Justice A. Kumar, Justice B. Mehta
Act(s) Involved: Indian Penal Code, 1860
Issue: Negligence liability

Facts: The dispute arises from allegations concerning negligence liability. The petitioner argued that their rights were violated, while the respondent maintained adherence to legal procedures.

Arguments: Both parties presented extensive submissions regarding the applicability of case precedents, statutory interpretation, and procedural safeguards.

Judgment: After reviewing precedents and statutory provisions under Indian Penal Code, 1860, the court held that the matter required careful interpretation of legal obligations. The court ruled in favor of the respondent, citing principles of natural justice, proportionality, and due process.

Keywords: Negligence liability, Indian Penal Code, 1860, judgment, reasoning, legal interpretation, relief granted
"
CASE-2014,Property Title Conflict Case 15 vs Respondent,Madras High Court,2000,"Justice A. Kumar, Justice B. Mehta","Indian Penal Code, 1860",Property title conflict,"This case deals with Property title conflict. The court examined relevant provisions under Indian Penal Code, 1860 and evaluated arguments from both parties regarding procedural fairness and compliance with statutory requirements.","Property Title Conflict Case 15 vs Respondent (Madras High Court, 2000)

Bench: Justice A. Kumar, Justice B. Mehta
Act(s) Involved: Indian Penal Code, 1860
Issue: Property title conflict

Facts: The dispute arises from allegations concerning property title conflict. The petitioner argued that their rights were violated, while the respondent maintained adherence to legal procedures.

Arguments: Both parties presented extensive submissions regarding the applicability of case precedents, statutory interpretation, and procedural safeguards.

Judgment: After reviewing precedents and statutory provisions under Indian Penal Code, 1860, the court held that the matter required careful interpretation of legal obligations. The court ruled in favor of the petitioner, citing principles of natural justice, proportionality, and due process.

Keywords: Property title conflict, Indian Penal Code, 1860, judgment, reasoning, legal interpretation, relief granted
"
CASE-2015,Negligence Liability Case 16 vs Respondent,Supreme Court of India,2019,"Justice A. Kumar, Justice B. Mehta","Indian Penal Code, 1860",Negligence liability,"This case deals with Negligence liability. The court examined relevant provisions under Indian Penal Code, 1860 and evaluated arguments from both parties regarding procedural fairness and compliance with statutory requirements.","Negligence Liability Case 16 vs Respondent (Supreme Court of India, 2019)

Bench: Justice A. Kumar, Justice B. Mehta
Act(s) Involved: Indian Penal Code, 1860
Issue: Negligence liability

Facts: The dispute arises from allegations concerning negligence liability. The petitioner argued that their rights were violated, while the respondent maintained adherence to legal procedures.

Arguments: Both parties presented extensive submissions regarding the applicability of case precedents, statutory interpretation, and procedural safeguards.

Judgment: After reviewing precedents and statutory provisions under Indian Penal Code, 1860, the court held that the matter required careful interpretation of legal obligations. The court ruled in favor of the respondent, citing principles of natural justice, proportionality, and due process.

Keywords: Negligence liability, Indian Penal Code, 1860, judgment, reasoning, legal interpretation, relief granted
"
CASE-2016,Salary Dispute Case 17 vs Respondent,Bombay High Court,2012,"Justice A. Kumar, Justice B. Mehta","Indian Contract Act, 1872",Salary dispute,"This case deals with Salary dispute. The court examined relevant provisions under Indian Contract Act, 1872 and evaluated arguments from both parties regarding procedural fairness and compliance with statutory requirements.","Salary Dispute Case 17 vs Respondent (Bombay High Court, 2012)

Bench: Justice A. Kumar, Justice B. Mehta
Act(s) Involved: Indian Contract Act, 1872
Issue: Salary dispute

Facts: The dispute arises from allegations concerning salary dispute. The petitioner argued that their rights were violated, while the respondent maintained adherence to legal procedures.

Arguments: Both parties presented extensive submissions regarding the applicability of case precedents, statutory interpretation, and procedural safeguards.

Judgment: After reviewing precedents and statutory provisions under Indian Contract Act, 1872, the court held that the matter required careful interpretation of legal obligations. The court ruled in favor of the petitioner, citing principles of natural justice, proportionality, and due process.

Keywords: Salary dispute, Indian Contract Act, 1872, judgment, reasoning, legal interpretation, relief granted
"
CASE-2017,Salary Dispute Case 18 vs Respondent,Karnataka High Court,2020,"Justice A. Kumar, Justice B. Mehta","Code of Criminal Procedure, 1973",Salary dispute,"This case deals with Salary dispute. The court examined relevant provisions under Code of Criminal Procedure, 1973 and evaluated arguments from both parties regarding procedural fairness and compliance with statutory requirements.","Salary Dispute Case 18 vs Respondent (Karnataka High Court, 2020)

Bench: Justice A. Kumar, Justice B. Mehta
Act(s) Involved: Code of Criminal Procedure, 1973
Issue: Salary dispute

Facts: The dispute arises from allegations concerning salary dispute. The petitioner argued that their rights were violated, while the respondent maintained adherence to legal procedures.

Arguments: Both parties presented extensive submissions regarding the applicability of case precedents, statutory interpretation, and procedural safeguards.

Judgment: After reviewing precedents and statutory provisions under Code of Criminal Procedure, 1973, the court held that the matter required careful interpretation of legal obligations. The court ruled in favor of the respondent, citing principles of natural justice, proportionality, and due process.

Keywords: Salary dispute, Code of Criminal Procedure, 1973, judgment, reasoning, legal interpretation, relief granted
"
CASE-2018,Breach Of Contract Case 19 vs Respondent,Delhi High Court,1995,"Justice A. Kumar, Justice B. Mehta","Indian Contract Act, 1872",Breach of contract,"This case deals with Breach of contract. The court examined relevant provisions under Indian Contract Act, 1872 and evaluated arguments from both parties regarding procedural fairness and compliance with statutory requirements.","Breach Of Contract Case 19 vs Respondent (Delhi High Court, 1995)

Bench: Justice A. Kumar, Justice B. Mehta
Act(s) Involved: Indian Contract Act, 1872
Issue: Breach of contract

Facts: The dispute arises from allegations concerning breach of contract. The petitioner argued that their rights were violated, while the respondent maintained adherence to legal procedures.

Arguments: Both parties presented extensive submissions regarding the applicability of case precedents, statutory interpretation, and procedural safeguards.

Judgment: After reviewing precedents and statutory provisions under Indian Contract Act, 1872, the court held that the matter required careful interpretation of legal obligations. The court ruled in favor of the petitioner, citing principles of natural justice, proportionality, and due process.

Keywords: Breach of contract, Indian Contract Act, 1872, judgment, reasoning, legal interpretation, relief granted
"
CASE-2019,Bail Application Case 20 vs Respondent,Madras High Court,2019,"Justice A. Kumar, Justice B. Mehta","Indian Penal Code, 1860",Bail application,"This case deals with Bail application. The court examined relevant provisions under Indian Penal Code, 1860 and evaluated arguments from both parties regarding procedural fairness and compliance with statutory requirements.","Bail Application Case 20 vs Respondent (Madras High Court, 2019)

Bench: Justice A. Kumar, Justice B. Mehta
Act(s) Involved: Indian Penal Code, 1860
Issue: Bail application

Facts: The dispute arises from allegations concerning bail application. The petitioner argued that their rights were violated, while the respondent maintained adherence to legal procedures.

Arguments: Both parties presented extensive submissions regarding the applicability of case precedents, statutory interpretation, and procedural safeguards.

Judgment: After reviewing precedents and statutory provisions under Indian Penal Code, 1860, the court held that the matter required careful interpretation of legal obligations. The court ruled in favor of the respondent, citing principles of natural justice, proportionality, and due process.

Keywords: Bail application, Indian Penal Code, 1860, judgment, reasoning, legal interpretation, relief granted
"
CASE-2020,Breach Of Contract Case 21 vs Respondent,Karnataka High Court,2001,"Justice A. Kumar, Justice B. Mehta","Indian Penal Code, 1860",Breach of contract,"This case deals with Breach of contract. The court examined relevant provisions under Indian Penal Code, 1860 and evaluated arguments from both parties regarding procedural fairness and compliance with statutory requirements.","Breach Of Contract Case 21 vs Respondent (Karnataka High Court, 2001)

Bench: Justice A. Kumar, Justice B. Mehta
Act(s) Involved: Indian Penal Code, 1860
Issue: Breach of contract

Facts: The dispute arises from allegations concerning breach of contract. The petitioner argued that their rights were violated, while the respondent maintained adherence to legal procedures.

Arguments: Both parties presented extensive submissions regarding the applicability of case precedents, statutory interpretation, and procedural safeguards.

Judgment: After reviewing precedents and statutory provisions under Indian Penal Code, 1860, the court held that the matter required careful interpretation of legal obligations. The court ruled in favor of the petitioner, citing principles of natural justice, proportionality, and due process.

Keywords: Breach of contract, Indian Penal Code, 1860, judgment, reasoning, legal interpretation, relief granted
"
CASE-2021,Salary Dispute Case 22 vs Respondent,Delhi High Court,2016,"Justice A. Kumar, Justice B. Mehta",Labour Industrial Disputes Act,Salary dispute,This case deals with Salary dispute. The court examined relevant provisions under Labour Industrial Disputes Act and evaluated arguments from both parties regarding procedural fairness and compliance with statutory requirements.,"Salary Dispute Case 22 vs Respondent (Delhi High Court, 2016)

Bench: Justice A. Kumar, Justice B. Mehta
Act(s) Involved: Labour Industrial Disputes Act
Issue: Salary dispute

Facts: The dispute arises from allegations concerning salary dispute. The petitioner argued that their rights were violated, while the respondent maintained adherence to legal procedures.

Arguments: Both parties presented extensive submissions regarding the applicability of case precedents, statutory interpretation, and procedural safeguards.

Judgment: After reviewing precedents and statutory provisions under Labour Industrial Disputes Act, the court held that the matter required careful interpretation of legal obligations. The court ruled in favor of the respondent, citing principles of natural justice, proportionality, and due process.

Keywords: Salary dispute, Labour Industrial Disputes Act, judgment, reasoning, legal interpretation, relief granted
"
CASE-2022,Illegal Termination Case 23 vs Respondent,Bombay High Court,2006,"Justice A. Kumar, Justice B. Mehta","Evidence Act, 1872",Illegal termination,"This case deals with Illegal termination. The court examined relevant provisions under Evidence Act, 1872 and evaluated arguments from both parties regarding procedural fairness and compliance with statutory requirements.","Illegal Termination Case 23 vs Respondent (Bombay High Court, 2006)

Bench: Justice A. Kumar, Justice B. Mehta
Act(s) Involved: Evidence Act, 1872
Issue: Illegal termination

Facts: The dispute arises from allegations concerning illegal termination. The petitioner argued that their rights were violated, while the respondent maintained adherence to legal procedures.

Arguments: Both parties presented extensive submissions regarding the applicability of case precedents, statutory interpretation, and procedural safeguards.

Judgment: After reviewing precedents and statutory provisions under Evidence Act, 1872, the court held that the matter required careful interpretation of legal obligations. The court ruled in favor of the petitioner, citing principles of natural justice, proportionality, and due process.

Keywords: Illegal termination, Evidence Act, 1872, judgment, reasoning, legal interpretation, relief granted
"
CASE-2023,Negligence Liability Case 24 vs Respondent,Delhi High Court,2022,"Justice A. Kumar, Justice B. Mehta","Transfer of Property Act, 1882",Negligence liability,"This case deals with Negligence liability. The court examined relevant provisions under Transfer of Property Act, 1882 and evaluated arguments from both parties regarding procedural fairness and compliance with statutory requirements.","Negligence Liability Case 24 vs Respondent (Delhi High Court, 2022)

Bench: Justice A. Kumar, Justice B. Mehta
Act(s) Involved: Transfer of Property Act, 1882
Issue: Negligence liability

Facts: The dispute arises from allegations concerning negligence liability. The petitioner argued that their rights were violated, while the respondent maintained adherence to legal procedures.

Arguments: Both parties presented extensive submissions regarding the applicability of case precedents, statutory interpretation, and procedural safeguards.

Judgment: After reviewing precedents and statutory provisions under Transfer of Property Act, 1882, the court held that the matter required careful interpretation of legal obligations. The court ruled in favor of the respondent, citing principles of natural justice, proportionality, and due process.

Keywords: Negligence liability, Transfer of Property Act, 1882, judgment, reasoning, legal interpretation, relief granted
"
CASE-2024,Eviction Notice Validity Case 25 vs Respondent,Karnataka High Court,2007,"Justice A. Kumar, Justice B. Mehta","Code of Criminal Procedure, 1973",Eviction notice validity,"This case deals with Eviction notice validity. The court examined relevant provisions under Code of Criminal Procedure, 1973 and evaluated arguments from both parties regarding procedural fairness and compliance with statutory requirements.","Eviction Notice Validity Case 25 vs Respondent (Karnataka High Court, 2007)

Bench: Justice A. Kumar, Justice B. Mehta
Act(s) Involved: Code of Criminal Procedure, 1973
Issue: Eviction notice validity

Facts: The dispute arises from allegations concerning eviction notice validity. The petitioner argued that their rights were violated, while the respondent maintained adherence to legal procedures.

Arguments: Both parties presented extensive submissions regarding the applicability of case precedents, statutory interpretation, and procedural safeguards.

Judgment: After reviewing precedents and statutory provisions under Code of Criminal Procedure, 1973, the court held that the matter required careful interpretation of legal obligations. The court ruled in favor of the petitioner, citing principles of natural justice, proportionality, and due process.

Keywords: Eviction notice validity, Code of Criminal Procedure, 1973, judgment, reasoning, legal interpretation, relief granted
"
CASE-2025,Salary Dispute Case 26 vs Respondent,Delhi High Court,1999,"Justice A. Kumar, Justice B. Mehta","Code of Criminal Procedure, 1973",Salary dispute,"This case deals with Salary dispute. The court examined relevant provisions under Code of Criminal Procedure, 1973 and evaluated arguments from both parties regarding procedural fairness and compliance with statutory requirements.","Salary Dispute Case 26 vs Respondent (Delhi High Court, 1999)

Bench: Justice A. Kumar, Justice B. Mehta
Act(s) Involved: Code of Criminal Procedure, 1973
Issue: Salary dispute

Facts: The dispute arises from allegations concerning salary dispute. The petitioner argued that their rights were violated, while the respondent maintained adherence to legal procedures.

Arguments: Both parties presented extensive submissions regarding the applicability of case precedents, statutory interpretation, and procedural safeguards.

Judgment: After reviewing precedents and statutory provisions under Code of Criminal Procedure, 1973, the court held that the matter required careful interpretation of legal obligations. The court ruled in favor of the respondent, citing principles of natural justice, proportionality, and due process.

Keywords: Salary dispute, Code of Criminal Procedure, 1973, judgment, reasoning, legal interpretation, relief granted
"
CASE-2026,Bail Application Case 27 vs Respondent,Madras High Court,2007,"Justice A. Kumar, Justice B. Mehta","Evidence Act, 1872",Bail application,"This case deals with Bail application. The court examined relevant provisions under Evidence Act, 1872 and evaluated arguments from both parties regarding procedural fairness and compliance with statutory requirements.","Bail Application Case 27 vs Respondent (Madras High Court, 2007)

Bench: Justice A. Kumar, Justice B. Mehta
Act(s) Involved: Evidence Act, 1872
Issue: Bail application

Facts: The dispute arises from allegations concerning bail application. The petitioner argued that their rights were violated, while the respondent maintained adherence to legal procedures.

Arguments: Both parties presented extensive submissions regarding the applicability of case precedents, statutory interpretation, and procedural safeguards.

Judgment: After reviewing precedents and statutory provisions under Evidence Act, 1872, the court held that the matter required careful interpretation of legal obligations. The court ruled in favor of the petitioner, citing principles of natural justice, proportionality, and due process.

Keywords: Bail application, Evidence Act, 1872, judgment, reasoning, legal interpretation, relief granted
"
CASE-2027,Breach Of Contract Case 28 vs Respondent,Supreme Court of India,2004,"Justice A. Kumar, Justice B. Mehta","Evidence Act, 1872",Breach of contract,"This case deals with Breach of contract. The court examined relevant provisions under Evidence Act, 1872 and evaluated arguments from both parties regarding procedural fairness and compliance with statutory requirements.","Breach Of Contract Case 28 vs Respondent (Supreme Court of India, 2004)

Bench: Justice A. Kumar, Justice B. Mehta
Act(s) Involved: Evidence Act, 1872
Issue: Breach of contract

Facts: The dispute arises from allegations concerning breach of contract. The petitioner argued that their rights were violated, while the respondent maintained adherence to legal procedures.

Arguments: Both parties presented extensive submissions regarding the applicability of case precedents, statutory interpretation, and procedural safeguards.

Judgment: After reviewing precedents and statutory provisions under Evidence Act, 1872, the court held that the matter required careful interpretation of legal obligations. The court ruled in favor of the respondent, citing principles of natural justice, proportionality, and due process.

Keywords: Breach of contract, Evidence Act, 1872, judgment, reasoning, legal interpretation, relief granted
"
CASE-2028,Eviction Notice Validity Case 29 vs Respondent,Karnataka High Court,2002,"Justice A. Kumar, Justice B. Mehta","Indian Penal Code, 1860",Eviction notice validity,"This case deals with Eviction notice validity. The court examined relevant provisions under Indian Penal Code, 1860 and evaluated arguments from both parties regarding procedural fairness and compliance with statutory requirements.","Eviction Notice Validity Case 29 vs Respondent (Karnataka High Court, 2002)

Bench: Justice A. Kumar, Justice B. Mehta
Act(s) Involved: Indian Penal Code, 1860
Issue: Eviction notice validity

Facts: The dispute arises from allegations concerning eviction notice validity. The petitioner argued that their rights were violated, while the respondent maintained adherence to legal procedures.

Arguments: Both parties presented extensive submissions regarding the applicability of case precedents, statutory interpretation, and procedural safeguards.

Judgment: After reviewing precedents and statutory provisions under Indian Penal Code, 1860, the court held that the matter required careful interpretation of legal obligations. The court ruled in favor of the petitioner, citing principles of natural justice, proportionality, and due process.

Keywords: Eviction notice validity, Indian Penal Code, 1860, judgment, reasoning, legal interpretation, relief granted
"
CASE-2029,Fraud Allegations Case 30 vs Respondent,Madras High Court,2010,"Justice A. Kumar, Justice B. Mehta","Indian Penal Code, 1860",Fraud allegations,"This case deals with Fraud allegations. The court examined relevant provisions under Indian Penal Code, 1860 and evaluated arguments from both parties regarding procedural fairness and compliance with statutory requirements.","Fraud Allegations Case 30 vs Respondent (Madras High Court, 2010)

Bench: Justice A. Kumar, Justice B. Mehta
Act(s) Involved: Indian Penal Code, 1860
Issue: Fraud allegations

Facts: The dispute arises from allegations concerning fraud allegations. The petitioner argued that their rights were violated, while the respondent maintained adherence to legal procedures.

Arguments: Both parties presented extensive submissions regarding the applicability of case precedents, statutory interpretation, and procedural safeguards.

Judgment: After reviewing precedents and statutory provisions under Indian Penal Code, 1860, the court held that the matter required careful interpretation of legal obligations. The court ruled in favor of the respondent, citing principles of natural justice, proportionality, and due process.

Keywords: Fraud allegations, Indian Penal Code, 1860, judgment, reasoning, legal interpretation, relief granted
"
CASE-2030,Fraud Allegations Case 31 vs Respondent,Madras High Court,2014,"Justice A. Kumar, Justice B. Mehta","Transfer of Property Act, 1882",Fraud allegations,"This case deals with Fraud allegations. The court examined relevant provisions under Transfer of Property Act, 1882 and evaluated arguments from both parties regarding procedural fairness and compliance with statutory requirements.","Fraud Allegations Case 31 vs Respondent (Madras High Court, 2014)

Bench: Justice A. Kumar, Justice B. Mehta
Act(s) Involved: Transfer of Property Act, 1882
Issue: Fraud allegations

Facts: The dispute arises from allegations concerning fraud allegations. The petitioner argued that their rights were violated, while the respondent maintained adherence to legal procedures.

Arguments: Both parties presented extensive submissions regarding the applicability of case precedents, statutory interpretation, and procedural safeguards.

Judgment: After reviewing precedents and statutory provisions under Transfer of Property Act, 1882, the court held that the matter required careful interpretation of legal obligations. The court ruled in favor of the petitioner, citing principles of natural justice, proportionality, and due process.

Keywords: Fraud allegations, Transfer of Property Act, 1882, judgment, reasoning, legal interpretation, relief granted
"
CASE-2031,Breach Of Contract Case 32 vs Respondent,Supreme Court of India,2005,"Justice A. Kumar, Justice B. Mehta","Code of Criminal Procedure, 1973",Breach of contract,"This case deals with Breach of contract. The court examined relevant provisions under Code of Criminal Procedure, 1973 and evaluated arguments from both parties regarding procedural fairness and compliance with statutory requirements.","Breach Of Contract Case 32 vs Respondent (Supreme Court of India, 2005)

Bench: Justice A. Kumar, Justice B. Mehta
Act(s) Involved: Code of Criminal Procedure, 1973
Issue: Breach of contract

Facts: The dispute arises from allegations concerning breach of contract. The petitioner argued that their rights were violated, while the respondent maintained adherence to legal procedures.

Arguments: Both parties presented extensive submissions regarding the applicability of case precedents, statutory interpretation, and procedural safeguards.

Judgment: After reviewing precedents and statutory provisions under Code of Criminal Procedure, 1973, the court held that the matter required careful interpretation of legal obligations. The court ruled in favor of the respondent, citing principles of natural justice, proportionality, and due process.

Keywords: Breach of contract, Code of Criminal Procedure, 1973, judgment, reasoning, legal interpretation, relief granted
"
CASE-2032,Illegal Termination Case 33 vs Respondent,Delhi High Court,1999,"Justice A. Kumar, Justice B. Mehta",Rent Control Act,Illegal termination,This case deals with Illegal termination. The court examined relevant provisions under Rent Control Act and evaluated arguments from both parties regarding procedural fairness and compliance with statutory requirements.,"Illegal Termination Case 33 vs Respondent (Delhi High Court, 1999)

Bench: Justice A. Kumar, Justice B. Mehta
Act(s) Involved: Rent Control Act
Issue: Illegal termination

Facts: The dispute arises from allegations concerning illegal termination. The petitioner argued that their rights were violated, while the respondent maintained adherence to legal procedures.

Arguments: Both parties presented extensive submissions regarding the applicability of case precedents, statutory interpretation, and procedural safeguards.

Judgment: After reviewing precedents and statutory provisions under Rent Control Act, the court held that the matter required careful interpretation of legal obligations. The court ruled in favor of the petitioner, citing principles of natural justice, proportionality, and due process.

Keywords: Illegal termination, Rent Control Act, judgment, reasoning, legal interpretation, relief granted
"
CASE-2033,Fraud Allegations Case 34 vs Respondent,Karnataka High Court,2022,"Justice A. Kumar, Justice B. Mehta",Labour Industrial Disputes Act,Fraud allegations,This case deals with Fraud allegations. The court examined relevant provisions under Labour Industrial Disputes Act and evaluated arguments from both parties regarding procedural fairness and compliance with statutory requirements.,"Fraud Allegations Case 34 vs Respondent (Karnataka High Court, 2022)

Bench: Justice A. Kumar, Justice B. Mehta
Act(s) Involved: Labour Industrial Disputes Act
Issue: Fraud allegations

Facts: The dispute arises from allegations concerning fraud allegations. The petitioner argued that their rights were violated, while the respondent maintained adherence to legal procedures.

Arguments: Both parties presented extensive submissions regarding the applicability of case precedents, statutory interpretation, and procedural safeguards.

Judgment: After reviewing precedents and statutory provisions under Labour Industrial Disputes Act, the court held that the matter required careful interpretation of legal obligations. The court ruled in favor of the respondent, citing principles of natural justice, proportionality, and due process.

Keywords: Fraud allegations, Labour Industrial Disputes Act, judgment, reasoning, legal interpretation, relief granted
"
CASE-2034,Bail Application Case 35 vs Respondent,Supreme Court of India,2008,"Justice A. Kumar, Justice B. Mehta","Evidence Act, 1872",Bail application,"This case deals with Bail application. The court examined relevant provisions under Evidence Act, 1872 and evaluated arguments from both parties regarding procedural fairness and compliance with statutory requirements.","Bail Application Case 35 vs Respondent (Supreme Court of India, 2008)

Bench: Justice A. Kumar, Justice B. Mehta
Act(s) Involved: Evidence Act, 1872
Issue: Bail application

Facts: The dispute arises from allegations concerning bail application. The petitioner argued that their rights were violated, while the respondent maintained adherence to legal procedures.

Arguments: Both parties presented extensive submissions regarding the applicability of case precedents, statutory interpretation, and procedural safeguards.

Judgment: After reviewing precedents and statutory provisions under Evidence Act, 1872, the court held that the matter required careful interpretation of legal obligations. The court ruled in favor of the petitioner, citing principles of natural justice, proportionality, and due process.

Keywords: Bail application, Evidence Act, 1872, judgment, reasoning, legal interpretation, relief granted
"
CASE-2035,Eviction Notice Validity Case 36 vs Respondent,Supreme Court of India,2017,"Justice A. Kumar, Justice B. Mehta","Indian Contract Act, 1872",Eviction notice validity,"This case deals with Eviction notice validity. The court examined relevant provisions under Indian Contract Act, 1872 and evaluated arguments from both parties regarding procedural fairness and compliance with statutory requirements.","Eviction Notice Validity Case 36 vs Respondent (Supreme Court of India, 2017)

Bench: Justice A. Kumar, Justice B. Mehta
Act(s) Involved: Indian Contract Act, 1872
Issue: Eviction notice validity

Facts: The dispute arises from allegations concerning eviction notice validity. The petitioner argued that their rights were violated, while the respondent maintained adherence to legal procedures.

Arguments: Both parties presented extensive submissions regarding the applicability of case precedents, statutory interpretation, and procedural safeguards.

Judgment: After reviewing precedents and statutory provisions under Indian Contract Act, 1872, the court held that the matter required careful interpretation of legal obligations. The court ruled in favor of the respondent, citing principles of natural justice, proportionality, and due process.

Keywords: Eviction notice validity, Indian Contract Act, 1872, judgment, reasoning, legal interpretation, relief granted
"
CASE-2036,Illegal Termination Case 37 vs Respondent,Supreme Court of India,2021,"Justice A. Kumar, Justice B. Mehta","Evidence Act, 1872",Illegal termination,"This case deals with Illegal termination. The court examined relevant provisions under Evidence Act, 1872 and evaluated arguments from both parties regarding procedural fairness and compliance with statutory requirements.","Illegal Termination Case 37 vs Respondent (Supreme Court of India, 2021)

Bench: Justice A. Kumar, Justice B. Mehta
Act(s) Involved: Evidence Act, 1872
Issue: Illegal termination

Facts: The dispute arises from allegations concerning illegal termination. The petitioner argued that their rights were violated, while the respondent maintained adherence to legal procedures.

Arguments: Both parties presented extensive submissions regarding the applicability of case precedents, statutory interpretation, and procedural safeguards.

Judgment: After reviewing precedents and statutory provisions under Evidence Act, 1872, the court held that the matter required careful interpretation of legal obligations. The court ruled in favor of the petitioner, citing principles of natural justice, proportionality, and due process.

Keywords: Illegal termination, Evidence Act, 1872, judgment, reasoning, legal interpretation, relief granted
"
CASE-2037,Property Title Conflict Case 38 vs Respondent,Bombay High Court,2016,"Justice A. Kumar, Justice B. Mehta",Labour Industrial Disputes Act,Property title conflict,This case deals with Property title conflict. The court examined relevant provisions under Labour Industrial Disputes Act and evaluated arguments from both parties regarding procedural fairness and compliance with statutory requirements.,"Property Title Conflict Case 38 vs Respondent (Bombay High Court, 2016)

Bench: Justice A. Kumar, Justice B. Mehta
Act(s) Involved: Labour Industrial Disputes Act
Issue: Property title conflict

Facts: The dispute arises from allegations concerning property title conflict. The petitioner argued that their rights were violated, while the respondent maintained adherence to legal procedures.

Arguments: Both parties presented extensive submissions regarding the applicability of case precedents, statutory interpretation, and procedural safeguards.

Judgment: After reviewing precedents and statutory provisions under Labour Industrial Disputes Act, the court held that the matter required careful interpretation of legal obligations. The court ruled in favor of the respondent, citing principles of natural justice, proportionality, and due process.

Keywords: Property title conflict, Labour Industrial Disputes Act, judgment, reasoning, legal interpretation, relief granted
"
CASE-2038,Salary Dispute Case 39 vs Respondent,Bombay High Court,2008,"Justice A. Kumar, Justice B. Mehta",Labour Industrial Disputes Act,Salary dispute,This case deals with Salary dispute. The court examined relevant provisions under Labour Industrial Disputes Act and evaluated arguments from both parties regarding procedural fairness and compliance with statutory requirements.,"Salary Dispute Case 39 vs Respondent (Bombay High Court, 2008)

Bench: Justice A. Kumar, Justice B. Mehta
Act(s) Involved: Labour Industrial Disputes Act
Issue: Salary dispute

Facts: The dispute arises from allegations concerning salary dispute. The petitioner argued that their rights were violated, while the respondent maintained adherence to legal procedures.

Arguments: Both parties presented extensive submissions regarding the applicability of case precedents, statutory interpretation, and procedural safeguards.

Judgment: After reviewing precedents and statutory provisions under Labour Industrial Disputes Act, the court held that the matter required careful interpretation of legal obligations. The court ruled in favor of the petitioner, citing principles of natural justice, proportionality, and due process.

Keywords: Salary dispute, Labour Industrial Disputes Act, judgment, reasoning, legal interpretation, relief granted
"
CASE-2039,Eviction Notice Validity Case 40 vs Respondent,Madras High Court,1995,"Justice A. Kumar, Justice B. Mehta","Transfer of Property Act, 1882",Eviction notice validity,"This case deals with Eviction notice validity. The court examined relevant provisions under Transfer of Property Act, 1882 and evaluated arguments from both parties regarding procedural fairness and compliance with statutory requirements.","Eviction Notice Validity Case 40 vs Respondent (Madras High Court, 1995)

Bench: Justice A. Kumar, Justice B. Mehta
Act(s) Involved: Transfer of Property Act, 1882
Issue: Eviction notice validity

Facts: The dispute arises from allegations concerning eviction notice validity. The petitioner argued that their rights were violated, while the respondent maintained adherence to legal procedures.

Arguments: Both parties presented extensive submissions regarding the applicability of case precedents, statutory interpretation, and procedural safeguards.

Judgment: After reviewing precedents and statutory provisions under Transfer of Property Act, 1882, the court held that the matter required careful interpretation of legal obligations. The court ruled in favor of the respondent, citing principles of natural justice, proportionality, and due process.

Keywords: Eviction notice validity, Transfer of Property Act, 1882, judgment, reasoning, legal interpretation, relief granted
"
CASE-2040,Bail Application Case 41 vs Respondent,Karnataka High Court,2022,"Justice A. Kumar, Justice B. Mehta","Code of Criminal Procedure, 1973",Bail application,"This case deals with Bail application. The court examined relevant provisions under Code of Criminal Procedure, 1973 and evaluated arguments from both parties regarding procedural fairness and compliance with statutory requirements.","Bail Application Case 41 vs Respondent (Karnataka High Court, 2022)

Bench: Justice A. Kumar, Justice B. Mehta
Act(s) Involved: Code of Criminal Procedure, 1973
Issue: Bail application

Facts: The dispute arises from allegations concerning bail application. The petitioner argued that their rights were violated, while the respondent maintained adherence to legal procedures.

Arguments: Both parties presented extensive submissions regarding the applicability of case precedents, statutory interpretation, and procedural safeguards.

Judgment: After reviewing precedents and statutory provisions under Code of Criminal Procedure, 1973, the court held that the matter required careful interpretation of legal obligations. The court ruled in favor of the petitioner, citing principles of natural justice, proportionality, and due process.

Keywords: Bail application, Code of Criminal Procedure, 1973, judgment, reasoning, legal interpretation, relief granted
"
CASE-2041,Breach Of Contract Case 42 vs Respondent,Supreme Court of India,1999,"Justice A. Kumar, Justice B. Mehta","Code of Criminal Procedure, 1973",Breach of contract,"This case deals with Breach of contract. The court examined relevant provisions under Code of Criminal Procedure, 1973 and evaluated arguments from both parties regarding procedural fairness and compliance with statutory requirements.","Breach Of Contract Case 42 vs Respondent (Supreme Court of India, 1999)

Bench: Justice A. Kumar, Justice B. Mehta
Act(s) Involved: Code of Criminal Procedure, 1973
Issue: Breach of contract

Facts: The dispute arises from allegations concerning breach of contract. The petitioner argued that their rights were violated, while the respondent maintained adherence to legal procedures.

Arguments: Both parties presented extensive submissions regarding the applicability of case precedents, statutory interpretation, and procedural safeguards.

Judgment: After reviewing precedents and statutory provisions under Code of Criminal Procedure, 1973, the court held that the matter required careful interpretation of legal obligations. The court ruled in favor of the respondent, citing principles of natural justice, proportionality, and due process.

Keywords: Breach of contract, Code of Criminal Procedure, 1973, judgment, reasoning, legal interpretation, relief granted
"
CASE-2042,Property Title Conflict Case 43 vs Respondent,Madras High Court,2019,"Justice A. Kumar, Justice B. Mehta","Indian Penal Code, 1860",Property title conflict,"This case deals with Property title conflict. The court examined relevant provisions under Indian Penal Code, 1860 and evaluated arguments from both parties regarding procedural fairness and compliance with statutory requirements.","Property Title Conflict Case 43 vs Respondent (Madras High Court, 2019)

Bench: Justice A. Kumar, Justice B. Mehta
Act(s) Involved: Indian Penal Code, 1860
Issue: Property title conflict

Facts: The dispute arises from allegations concerning property title conflict. The petitioner argued that their rights were violated, while the respondent maintained adherence to legal procedures.

Arguments: Both parties presented extensive submissions regarding the applicability of case precedents, statutory interpretation, and procedural safeguards.

Judgment: After reviewing precedents and statutory provisions under Indian Penal Code, 1860, the court held that the matter required careful interpretation of legal obligations. The court ruled in favor of the petitioner, citing principles of natural justice, proportionality, and due process.

Keywords: Property title conflict, Indian Penal Code, 1860, judgment, reasoning, legal interpretation, relief granted
"
CASE-2043,Eviction Notice Validity Case 44 vs Respondent,Delhi High Court,2000,"Justice A. Kumar, Justice B. Mehta","Transfer of Property Act, 1882",Eviction notice validity,"This case deals with Eviction notice validity. The court examined relevant provisions under Transfer of Property Act, 1882 and evaluated arguments from both parties regarding procedural fairness and compliance with statutory requirements.","Eviction Notice Validity Case 44 vs Respondent (Delhi High Court, 2000)

Bench: Justice A. Kumar, Justice B. Mehta
Act(s) Involved: Transfer of Property Act, 1882
Issue: Eviction notice validity

Facts: The dispute arises from allegations concerning eviction notice validity. The petitioner argued that their rights were violated, while the respondent maintained adherence to legal procedures.

Arguments: Both parties presented extensive submissions regarding the applicability of case precedents, statutory interpretation, and procedural safeguards.

Judgment: After reviewing precedents and statutory provisions under Transfer of Property Act, 1882, the court held that the matter required careful interpretation of legal obligations. The court ruled in favor of the respondent, citing principles of natural justice, proportionality, and due process.

Keywords: Eviction notice validity, Transfer of Property Act, 1882, judgment, reasoning, legal interpretation, relief granted
"
CASE-2044,Fraud Allegations Case 45 vs Respondent,Bombay High Court,2024,"Justice A. Kumar, Justice B. Mehta","Transfer of Property Act, 1882",Fraud allegations,"This case deals with Fraud allegations. The court examined relevant provisions under Transfer of Property Act, 1882 and evaluated arguments from both parties regarding procedural fairness and compliance with statutory requirements.","Fraud Allegations Case 45 vs Respondent (Bombay High Court, 2024)

Bench: Justice A. Kumar, Justice B. Mehta
Act(s) Involved: Transfer of Property Act, 1882
Issue: Fraud allegations

Facts: The dispute arises from allegations concerning fraud allegations. The petitioner argued that their rights were violated, while the respondent maintained adherence to legal procedures.

Arguments: Both parties presented extensive submissions regarding the applicability of case precedents, statutory interpretation, and procedural safeguards.

Judgment: After reviewing precedents and statutory provisions under Transfer of Property Act, 1882, the court held that the matter required careful interpretation of legal obligations. The court ruled in favor of the petitioner, citing principles of natural justice, proportionality, and due process.

Keywords: Fraud allegations, Transfer of Property Act, 1882, judgment, reasoning, legal interpretation, relief granted
"
CASE-2045,Property Title Conflict Case 46 vs Respondent,Madras High Court,2003,"Justice A. Kumar, Justice B. Mehta","Indian Penal Code, 1860",Property title conflict,"This case deals with Property title conflict. The court examined relevant provisions under Indian Penal Code, 1860 and evaluated arguments from both parties regarding procedural fairness and compliance with statutory requirements.","Property Title Conflict Case 46 vs Respondent (Madras High Court, 2003)

Bench: Justice A. Kumar, Justice B. Mehta
Act(s) Involved: Indian Penal Code, 1860
Issue: Property title conflict

Facts: The dispute arises from allegations concerning property title conflict. The petitioner argued that their rights were violated, while the respondent maintained adherence to legal procedures.

Arguments: Both parties presented extensive submissions regarding the applicability of case precedents, statutory interpretation, and procedural safeguards.

Judgment: After reviewing precedents and statutory provisions under Indian Penal Code, 1860, the court held that the matter required careful interpretation of legal obligations. The court ruled in favor of the respondent, citing principles of natural justice, proportionality, and due process.

Keywords: Property title conflict, Indian Penal Code, 1860, judgment, reasoning, legal interpretation, relief granted
"
CASE-2046,Bail Application Case 47 vs Respondent,Madras High Court,2024,"Justice A. Kumar, Justice B. Mehta","Indian Contract Act, 1872",Bail application,"This case deals with Bail application. The court examined relevant provisions under Indian Contract Act, 1872 and evaluated arguments from both parties regarding procedural fairness and compliance with statutory requirements.","Bail Application Case 47 vs Respondent (Madras High Court, 2024)

Bench: Justice A. Kumar, Justice B. Mehta
Act(s) Involved: Indian Contract Act, 1872
Issue: Bail application

Facts: The dispute arises from allegations concerning bail application. The petitioner argued that their rights were violated, while the respondent maintained adherence to legal procedures.

Arguments: Both parties presented extensive submissions regarding the applicability of case precedents, statutory interpretation, and procedural safeguards.

Judgment: After reviewing precedents and statutory provisions under Indian Contract Act, 1872, the court held that the matter required careful interpretation of legal obligations. The court ruled in favor of the petitioner, citing principles of natural justice, proportionality, and due process.

Keywords: Bail application, Indian Contract Act, 1872, judgment, reasoning, legal interpretation, relief granted
"
CASE-2047,Illegal Termination Case 48 vs Respondent,Madras High Court,2000,"Justice A. Kumar, Justice B. Mehta",Labour Industrial Disputes Act,Illegal termination,This case deals with Illegal termination. The court examined relevant provisions under Labour Industrial Disputes Act and evaluated arguments from both parties regarding procedural fairness and compliance with statutory requirements.,"Illegal Termination Case 48 vs Respondent (Madras High Court, 2000)

Bench: Justice A. Kumar, Justice B. Mehta
Act(s) Involved: Labour Industrial Disputes Act
Issue: Illegal termination

Facts: The dispute arises from allegations concerning illegal termination. The petitioner argued that their rights were violated, while the respondent maintained adherence to legal procedures.

Arguments: Both parties presented extensive submissions regarding the applicability of case precedents, statutory interpretation, and procedural safeguards.

Judgment: After reviewing precedents and statutory provisions under Labour Industrial Disputes Act, the court held that the matter required careful interpretation of legal obligations. The court ruled in favor of the respondent, citing principles of natural justice, proportionality, and due process.

Keywords: Illegal termination, Labour Industrial Disputes Act, judgment, reasoning, legal interpretation, relief granted
"
CASE-2048,Salary Dispute Case 49 vs Respondent,Bombay High Court,2013,"Justice A. Kumar, Justice B. Mehta",Labour Industrial Disputes Act,Salary dispute,This case deals with Salary dispute. The court examined relevant provisions under Labour Industrial Disputes Act and evaluated arguments from both parties regarding procedural fairness and compliance with statutory requirements.,"Salary Dispute Case 49 vs Respondent (Bombay High Court, 2013)

Bench: Justice A. Kumar, Justice B. Mehta
Act(s) Involved: Labour Industrial Disputes Act
Issue: Salary dispute

Facts: The dispute arises from allegations concerning salary dispute. The petitioner argued that their rights were violated, while the respondent maintained adherence to legal procedures.

Arguments: Both parties presented extensive submissions regarding the applicability of case precedents, statutory interpretation, and procedural safeguards.

Judgment: After reviewing precedents and statutory provisions under Labour Industrial Disputes Act, the court held that the matter required careful interpretation of legal obligations. The court ruled in favor of the petitioner, citing principles of natural justice, proportionality, and due process.

Keywords: Salary dispute, Labour Industrial Disputes Act, judgment, reasoning, legal interpretation, relief granted
"
CASE-2049,Salary Dispute Case 50 vs Respondent,Karnataka High Court,2005,"Justice A. Kumar, Justice B. Mehta","Transfer of Property Act, 1882",Salary dispute,"This case deals with Salary dispute. The court examined relevant provisions under Transfer of Property Act, 1882 and evaluated arguments from both parties regarding procedural fairness and compliance with statutory requirements.","Salary Dispute Case 50 vs Respondent (Karnataka High Court, 2005)

Bench: Justice A. Kumar, Justice B. Mehta
Act(s) Involved: Transfer of Property Act, 1882
Issue: Salary dispute

Facts: The dispute arises from allegations concerning salary dispute. The petitioner argued that their rights were violated, while the respondent maintained adherence to legal procedures.

Arguments: Both parties presented extensive submissions regarding the applicability of case precedents, statutory interpretation, and procedural safeguards.

Judgment: After reviewing precedents and statutory provisions under Transfer of Property Act, 1882, the court held that the matter required careful interpretation of legal obligations. The court ruled in favor of the respondent, citing principles of natural justice, proportionality, and due process.

Keywords: Salary dispute, Transfer of Property Act, 1882, judgment, reasoning, legal interpretation, relief granted
"
CASE-2050,Fraud Allegations Case 51 vs Respondent,Karnataka High Court,2008,"Justice A. Kumar, Justice B. Mehta",Labour Industrial Disputes Act,Fraud allegations,This case deals with Fraud allegations. The court examined relevant provisions under Labour Industrial Disputes Act and evaluated arguments from both parties regarding procedural fairness and compliance with statutory requirements.,"Fraud Allegations Case 51 vs Respondent (Karnataka High Court, 2008)

Bench: Justice A. Kumar, Justice B. Mehta
Act(s) Involved: Labour Industrial Disputes Act
Issue: Fraud allegations

Facts: The dispute arises from allegations concerning fraud allegations. The petitioner argued that their rights were violated, while the respondent maintained adherence to legal procedures.

Arguments: Both parties presented extensive submissions regarding the applicability of case precedents, statutory interpretation, and procedural safeguards.

Judgment: After reviewing precedents and statutory provisions under Labour Industrial Disputes Act, the court held that the matter required careful interpretation of legal obligations. The court ruled in favor of the petitioner, citing principles of natural justice, proportionality, and due process.

Keywords: Fraud allegations, Labour Industrial Disputes Act, judgment, reasoning, legal interpretation, relief granted
"
CASE-2051,Fraud Allegations Case 52 vs Respondent,Bombay High Court,2016,"Justice A. Kumar, Justice B. Mehta","Indian Penal Code, 1860",Fraud allegations,"This case deals with Fraud allegations. The court examined relevant provisions under Indian Penal Code, 1860 and evaluated arguments from both parties regarding procedural fairness and compliance with statutory requirements.","Fraud Allegations Case 52 vs Respondent (Bombay High Court, 2016)

Bench: Justice A. Kumar, Justice B. Mehta
Act(s) Involved: Indian Penal Code, 1860
Issue: Fraud allegations

Facts: The dispute arises from allegations concerning fraud allegations. The petitioner argued that their rights were violated, while the respondent maintained adherence to legal procedures.

Arguments: Both parties presented extensive submissions regarding the applicability of case precedents, statutory interpretation, and procedural safeguards.

Judgment: After reviewing precedents and statutory provisions under Indian Penal Code, 1860, the court held that the matter required careful interpretation of legal obligations. The court ruled in favor of the respondent, citing principles of natural justice, proportionality, and due process.

Keywords: Fraud allegations, Indian Penal Code, 1860, judgment, reasoning, legal interpretation, relief granted
"
CASE-2052,Breach Of Contract Case 53 vs Respondent,Karnataka High Court,1996,"Justice A. Kumar, Justice B. Mehta","Indian Penal Code, 1860",Breach of contract,"This case deals with Breach of contract. The court examined relevant provisions under Indian Penal Code, 1860 and evaluated arguments from both parties regarding procedural fairness and compliance with statutory requirements.","Breach Of Contract Case 53 vs Respondent (Karnataka High Court, 1996)

Bench: Justice A. Kumar, Justice B. Mehta
Act(s) Involved: Indian Penal Code, 1860
Issue: Breach of contract

Facts: The dispute arises from allegations concerning breach of contract. The petitioner argued that their rights were violated, while the respondent maintained adherence to legal procedures.

Arguments: Both parties presented extensive submissions regarding the applicability of case precedents, statutory interpretation, and procedural safeguards.

Judgment: After reviewing precedents and statutory provisions under Indian Penal Code, 1860, the court held that the matter required careful interpretation of legal obligations. The court ruled in favor of the petitioner, citing principles of natural justice, proportionality, and due process.

Keywords: Breach of contract, Indian Penal Code, 1860, judgment, reasoning, legal interpretation, relief granted
"
CASE-2053,Breach Of Contract Case 54 vs Respondent,Delhi High Court,1996,"Justice A. Kumar, Justice B. Mehta","Transfer of Property Act, 1882",Breach of contract,"This case deals with Breach of contract. The court examined relevant provisions under Transfer of Property Act, 1882 and evaluated arguments from both parties regarding procedural fairness and compliance with statutory requirements.","Breach Of Contract Case 54 vs Respondent (Delhi High Court, 1996)

Bench: Justice A. Kumar, Justice B. Mehta
Act(s) Involved: Transfer of Property Act, 1882
Issue: Breach of contract

Facts: The dispute arises from allegations concerning breach of contract. The petitioner argued that their rights were violated, while the respondent maintained adherence to legal procedures.

Arguments: Both parties presented extensive submissions regarding the applicability of case precedents, statutory interpretation, and procedural safeguards.

Judgment: After reviewing precedents and statutory provisions under Transfer of Property Act, 1882, the court held that the matter required careful interpretation of legal obligations. The court ruled in favor of the respondent, citing principles of natural justice, proportionality, and due process.

Keywords: Breach of contract, Transfer of Property Act, 1882, judgment, reasoning, legal interpretation, relief granted
"
CASE-2054,Property Title Conflict Case 55 vs Respondent,Madras High Court,2008,"Justice A. Kumar, Justice B. Mehta","Transfer of Property Act, 1882",Property title conflict,"This case deals with Property title conflict. The court examined relevant provisions under Transfer of Property Act, 1882 and evaluated arguments from both parties regarding procedural fairness and compliance with statutory requirements.","Property Title Conflict Case 55 vs Respondent (Madras High Court, 2008)

Bench: Justice A. Kumar, Justice B. Mehta
Act(s) Involved: Transfer of Property Act, 1882
Issue: Property title conflict

Facts: The dispute arises from allegations concerning property title conflict. The petitioner argued that their rights were violated, while the respondent maintained adherence to legal procedures.

Arguments: Both parties presented extensive submissions regarding the applicability of case precedents, statutory interpretation, and procedural safeguards.

Judgment: After reviewing precedents and statutory provisions under Transfer of Property Act, 1882, the court held that the matter required careful interpretation of legal obligations. The court ruled in favor of the petitioner, citing principles of natural justice, proportionality, and due process.

Keywords: Property title conflict, Transfer of Property Act, 1882, judgment, reasoning, legal interpretation, relief granted
"
CASE-2055,Eviction Notice Validity Case 56 vs Respondent,Delhi High Court,2006,"Justice A. Kumar, Justice B. Mehta",Labour Industrial Disputes Act,Eviction notice validity,This case deals with Eviction notice validity. The court examined relevant provisions under Labour Industrial Disputes Act and evaluated arguments from both parties regarding procedural fairness and compliance with statutory requirements.,"Eviction Notice Validity Case 56 vs Respondent (Delhi High Court, 2006)

Bench: Justice A. Kumar, Justice B. Mehta
Act(s) Involved: Labour Industrial Disputes Act
Issue: Eviction notice validity

Facts: The dispute arises from allegations concerning eviction notice validity. The petitioner argued that their rights were violated, while the respondent maintained adherence to legal procedures.

Arguments: Both parties presented extensive submissions regarding the applicability of case precedents, statutory interpretation, and procedural safeguards.

Judgment: After reviewing precedents and statutory provisions under Labour Industrial Disputes Act, the court held that the matter required careful interpretation of legal obligations. The court ruled in favor of the respondent, citing principles of natural justice, proportionality, and due process.

Keywords: Eviction notice validity, Labour Industrial Disputes Act, judgment, reasoning, legal interpretation, relief granted
"
CASE-2056,Eviction Notice Validity Case 57 vs Respondent,Karnataka High Court,2006,"Justice A. Kumar, Justice B. Mehta","Indian Contract Act, 1872",Eviction notice validity,"This case deals with Eviction notice validity. The court examined relevant provisions under Indian Contract Act, 1872 and evaluated arguments from both parties regarding procedural fairness and compliance with statutory requirements.","Eviction Notice Validity Case 57 vs Respondent (Karnataka High Court, 2006)

Bench: Justice A. Kumar, Justice B. Mehta
Act(s) Involved: Indian Contract Act, 1872
Issue: Eviction notice validity

Facts: The dispute arises from allegations concerning eviction notice validity. The petitioner argued that their rights were violated, while the respondent maintained adherence to legal procedures.

Arguments: Both parties presented extensive submissions regarding the applicability of case precedents, statutory interpretation, and procedural safeguards.

Judgment: After reviewing precedents and statutory provisions under Indian Contract Act, 1872, the court held that the matter required careful interpretation of legal obligations. The court ruled in favor of the petitioner, citing principles of natural justice, proportionality, and due process.

Keywords: Eviction notice validity, Indian Contract Act, 1872, judgment, reasoning, legal interpretation, relief granted
"
CASE-2057,Illegal Termination Case 58 vs Respondent,Madras High Court,2013,"Justice A. Kumar, Justice B. Mehta","Evidence Act, 1872",Illegal termination,"This case deals with Illegal termination. The court examined relevant provisions under Evidence Act, 1872 and evaluated arguments from both parties regarding procedural fairness and compliance with statutory requirements.","Illegal Termination Case 58 vs Respondent (Madras High Court, 2013)

Bench: Justice A. Kumar, Justice B. Mehta
Act(s) Involved: Evidence Act, 1872
Issue: Illegal termination

Facts: The dispute arises from allegations concerning illegal termination. The petitioner argued that their rights were violated, while the respondent maintained adherence to legal procedures.

Arguments: Both parties presented extensive submissions regarding the applicability of case precedents, statutory interpretation, and procedural safeguards.

Judgment: After reviewing precedents and statutory provisions under Evidence Act, 1872, the court held that the matter required careful interpretation of legal obligations. The court ruled in favor of the respondent, citing principles of natural justice, proportionality, and due process.

Keywords: Illegal termination, Evidence Act, 1872, judgment, reasoning, legal interpretation, relief granted
"
CASE-2058,Breach Of Contract Case 59 vs Respondent,Supreme Court of India,2004,"Justice A. Kumar, Justice B. Mehta","Code of Criminal Procedure, 1973",Breach of contract,"This case deals with Breach of contract. The court examined relevant provisions under Code of Criminal Procedure, 1973 and evaluated arguments from both parties regarding procedural fairness and compliance with statutory requirements.","Breach Of Contract Case 59 vs Respondent (Supreme Court of India, 2004)

Bench: Justice A. Kumar, Justice B. Mehta
Act(s) Involved: Code of Criminal Procedure, 1973
Issue: Breach of contract

Facts: The dispute arises from allegations concerning breach of contract. The petitioner argued that their rights were violated, while the respondent maintained adherence to legal procedures.

Arguments: Both parties presented extensive submissions regarding the applicability of case precedents, statutory interpretation, and procedural safeguards.

Judgment: After reviewing precedents and statutory provisions under Code of Criminal Procedure, 1973, the court held that the matter required careful interpretation of legal obligations. The court ruled in favor of the petitioner, citing principles of natural justice, proportionality, and due process.

Keywords: Breach of contract, Code of Criminal Procedure, 1973, judgment, reasoning, legal interpretation, relief granted
"
CASE-2059,Illegal Termination Case 60 vs Respondent,Karnataka High Court,2024,"Justice A. Kumar, Justice B. Mehta","Transfer of Property Act, 1882",Illegal termination,"This case deals with Illegal termination. The court examined relevant provisions under Transfer of Property Act, 1882 and evaluated arguments from both parties regarding procedural fairness and compliance with statutory requirements.","Illegal Termination Case 60 vs Respondent (Karnataka High Court, 2024)

Bench: Justice A. Kumar, Justice B. Mehta
Act(s) Involved: Transfer of Property Act, 1882
Issue: Illegal termination

Facts: The dispute arises from allegations concerning illegal termination. The petitioner argued that their rights were violated, while the respondent maintained adherence to legal procedures.

Arguments: Both parties presented extensive submissions regarding the applicability of case precedents, statutory interpretation, and procedural safeguards.

Judgment: After reviewing precedents and statutory provisions under Transfer of Property Act, 1882, the court held that the matter required careful interpretation of legal obligations. The court ruled in favor of the respondent, citing principles of natural justice, proportionality, and due process.

Keywords: Illegal termination, Transfer of Property Act, 1882, judgment, reasoning, legal interpretation, relief granted
"
CASE-2060,Negligence Liability Case 61 vs Respondent,Supreme Court of India,2016,"Justice A. Kumar, Justice B. Mehta","Transfer of Property Act, 1882",Negligence liability,"This case deals with Negligence liability. The court examined relevant provisions under Transfer of Property Act, 1882 and evaluated arguments from both parties regarding procedural fairness and compliance with statutory requirements.","Negligence Liability Case 61 vs Respondent (Supreme Court of India, 2016)

Bench: Justice A. Kumar, Justice B. Mehta
Act(s) Involved: Transfer of Property Act, 1882
Issue: Negligence liability

Facts: The dispute arises from allegations concerning negligence liability. The petitioner argued that their rights were violated, while the respondent maintained adherence to legal procedures.

Arguments: Both parties presented extensive submissions regarding the applicability of case precedents, statutory interpretation, and procedural safeguards.

Judgment: After reviewing precedents and statutory provisions under Transfer of Property Act, 1882, the court held that the matter required careful interpretation of legal obligations. The court ruled in favor of the petitioner, citing principles of natural justice, proportionality, and due process.

Keywords: Negligence liability, Transfer of Property Act, 1882, judgment, reasoning, legal interpretation, relief granted
"
CASE-2061,Property Title Conflict Case 62 vs Respondent,Karnataka High Court,2007,"Justice A. Kumar, Justice B. Mehta",Labour Industrial Disputes Act,Property title conflict,This case deals with Property title conflict. The court examined relevant provisions under Labour Industrial Disputes Act and evaluated arguments from both parties regarding procedural fairness and compliance with statutory requirements.,"Property Title Conflict Case 62 vs Respondent (Karnataka High Court, 2007)

Bench: Justice A. Kumar, Justice B. Mehta
Act(s) Involved: Labour Industrial Disputes Act
Issue: Property title conflict

Facts: The dispute arises from allegations concerning property title conflict. The petitioner argued that their rights were violated, while the respondent maintained adherence to legal procedures.

Arguments: Both parties presented extensive submissions regarding the applicability of case precedents, statutory interpretation, and procedural safeguards.

Judgment: After reviewing precedents and statutory provisions under Labour Industrial Disputes Act, the court held that the matter required careful interpretation of legal obligations. The court ruled in favor of the respondent, citing principles of natural justice, proportionality, and due process.

Keywords: Property title conflict, Labour Industrial Disputes Act, judgment, reasoning, legal interpretation, relief granted
"
CASE-2062,Property Title Conflict Case 63 vs Respondent,Supreme Court of India,1997,"Justice A. Kumar, Justice B. Mehta","Code of Criminal Procedure, 1973",Property title conflict,"This case deals with Property title conflict. The court examined relevant provisions under Code of Criminal Procedure, 1973 and evaluated arguments from both parties regarding procedural fairness and compliance with statutory requirements.","Property Title Conflict Case 63 vs Respondent (Supreme Court of India, 1997)

Bench: Justice A. Kumar, Justice B. Mehta
Act(s) Involved: Code of Criminal Procedure, 1973
Issue: Property title conflict

Facts: The dispute arises from allegations concerning property title conflict. The petitioner argued that their rights were violated, while the respondent maintained adherence to legal procedures.

Arguments: Both parties presented extensive submissions regarding the applicability of case precedents, statutory interpretation, and procedural safeguards.

Judgment: After reviewing precedents and statutory provisions under Code of Criminal Procedure, 1973, the court held that the matter required careful interpretation of legal obligations. The court ruled in favor of the petitioner, citing principles of natural justice, proportionality, and due process.

Keywords: Property title conflict, Code of Criminal Procedure, 1973, judgment, reasoning, legal interpretation, relief granted
"
CASE-2063,Eviction Notice Validity Case 64 vs Respondent,Supreme Court of India,1997,"Justice A. Kumar, Justice B. Mehta",Rent Control Act,Eviction notice validity,This case deals with Eviction notice validity. The court examined relevant provisions under Rent Control Act and evaluated arguments from both parties regarding procedural fairness and compliance with statutory requirements.,"Eviction Notice Validity Case 64 vs Respondent (Supreme Court of India, 1997)

Bench: Justice A. Kumar, Justice B. Mehta
Act(s) Involved: Rent Control Act
Issue: Eviction notice validity

Facts: The dispute arises from allegations concerning eviction notice validity. The petitioner argued that their rights were violated, while the respondent maintained adherence to legal procedures.

Arguments: Both parties presented extensive submissions regarding the applicability of case precedents, statutory interpretation, and procedural safeguards.

Judgment: After reviewing precedents and statutory provisions under Rent Control Act, the court held that the matter required careful interpretation of legal obligations. The court ruled in favor of the respondent, citing principles of natural justice, proportionality, and due process.

Keywords: Eviction notice validity, Rent Control Act, judgment, reasoning, legal interpretation, relief granted
"
CASE-2064,Salary Dispute Case 65 vs Respondent,Delhi High Court,2018,"Justice A. Kumar, Justice B. Mehta",Rent Control Act,Salary dispute,This case deals with Salary dispute. The court examined relevant provisions under Rent Control Act and evaluated arguments from both parties regarding procedural fairness and compliance with statutory requirements.,"Salary Dispute Case 65 vs Respondent (Delhi High Court, 2018)

Bench: Justice A. Kumar, Justice B. Mehta
Act(s) Involved: Rent Control Act
Issue: Salary dispute

Facts: The dispute arises from allegations concerning salary dispute. The petitioner argued that their rights were violated, while the respondent maintained adherence to legal procedures.

Arguments: Both parties presented extensive submissions regarding the applicability of case precedents, statutory interpretation, and procedural safeguards.

Judgment: After reviewing precedents and statutory provisions under Rent Control Act, the court held that the matter required careful interpretation of legal obligations. The court ruled in favor of the petitioner, citing principles of natural justice, proportionality, and due process.

Keywords: Salary dispute, Rent Control Act, judgment, reasoning, legal interpretation, relief granted
"
CASE-2065,Property Title Conflict Case 66 vs Respondent,Karnataka High Court,2005,"Justice A. Kumar, Justice B. Mehta","Code of Criminal Procedure, 1973",Property title conflict,"This case deals with Property title conflict. The court examined relevant provisions under Code of Criminal Procedure, 1973 and evaluated arguments from both parties regarding procedural fairness and compliance with statutory requirements.","Property Title Conflict Case 66 vs Respondent (Karnataka High Court, 2005)

Bench: Justice A. Kumar, Justice B. Mehta
Act(s) Involved: Code of Criminal Procedure, 1973
Issue: Property title conflict

Facts: The dispute arises from allegations concerning property title conflict. The petitioner argued that their rights were violated, while the respondent maintained adherence to legal procedures.

Arguments: Both parties presented extensive submissions regarding the applicability of case precedents, statutory interpretation, and procedural safeguards.

Judgment: After reviewing precedents and statutory provisions under Code of Criminal Procedure, 1973, the court held that the matter required careful interpretation of legal obligations. The court ruled in favor of the respondent, citing principles of natural justice, proportionality, and due process.

Keywords: Property title conflict, Code of Criminal Procedure, 1973, judgment, reasoning, legal interpretation, relief granted
"
CASE-2066,Breach Of Contract Case 67 vs Respondent,Delhi High Court,2009,"Justice A. Kumar, Justice B. Mehta",Labour Industrial Disputes Act,Breach of contract,This case deals with Breach of contract. The court examined relevant provisions under Labour Industrial Disputes Act and evaluated arguments from both parties regarding procedural fairness and compliance with statutory requirements.,"Breach Of Contract Case 67 vs Respondent (Delhi High Court, 2009)

Bench: Justice A. Kumar, Justice B. Mehta
Act(s) Involved: Labour Industrial Disputes Act
Issue: Breach of contract

Facts: The dispute arises from allegations concerning breach of contract. The petitioner argued that their rights were violated, while the respondent maintained adherence to legal procedures.

Arguments: Both parties presented extensive submissions regarding the applicability of case precedents, statutory interpretation, and procedural safeguards.

Judgment: After reviewing precedents and statutory provisions under Labour Industrial Disputes Act, the court held that the matter required careful interpretation of legal obligations. The court ruled in favor of the petitioner, citing principles of natural justice, proportionality, and due process.

Keywords: Breach of contract, Labour Industrial Disputes Act, judgment, reasoning, legal interpretation, relief granted
"
CASE-2067,Eviction Notice Validity Case 68 vs Respondent,Madras High Court,2015,"Justice A. Kumar, Justice B. Mehta",Rent Control Act,Eviction notice validity,This case deals with Eviction notice validity. The court examined relevant provisions under Rent Control Act and evaluated arguments from both parties regarding procedural fairness and compliance with statutory requirements.,"Eviction Notice Validity Case 68 vs Respondent (Madras High Court, 2015)

Bench: Justice A. Kumar, Justice B. Mehta
Act(s) Involved: Rent Control Act
Issue: Eviction notice validity

Facts: The dispute arises from allegations concerning eviction notice validity. The petitioner argued that their rights were violated, while the respondent maintained adherence to legal procedures.

Arguments: Both parties presented extensive submissions regarding the applicability of case precedents, statutory interpretation, and procedural safeguards.

Judgment: After reviewing precedents and statutory provisions under Rent Control Act, the court held that the matter required careful interpretation of legal obligations. The court ruled in favor of the respondent, citing principles of natural justice, proportionality, and due process.

Keywords: Eviction notice validity, Rent Control Act, judgment, reasoning, legal interpretation, relief granted
"
CASE-2068,Bail Application Case 69 vs Respondent,Madras High Court,2006,"Justice A. Kumar, Justice B. Mehta","Indian Penal Code, 1860",Bail application,"This case deals with Bail application. The court examined relevant provisions under Indian Penal Code, 1860 and evaluated arguments from both parties regarding procedural fairness and compliance with statutory requirements.","Bail Application Case 69 vs Respondent (Madras High Court, 2006)

Bench: Justice A. Kumar, Justice B. Mehta
Act(s) Involved: Indian Penal Code, 1860
Issue: Bail application

Facts: The dispute arises from allegations concerning bail application. The petitioner argued that their rights were violated, while the respondent maintained adherence to legal procedures.

Arguments: Both parties presented extensive submissions regarding the applicability of case precedents, statutory interpretation, and procedural safeguards.

Judgment: After reviewing precedents and statutory provisions under Indian Penal Code, 1860, the court held that the matter required careful interpretation of legal obligations. The court ruled in favor of the petitioner, citing principles of natural justice, proportionality, and due process.

Keywords: Bail application, Indian Penal Code, 1860, judgment, reasoning, legal interpretation, relief granted
"
CASE-2069,Property Title Conflict Case 70 vs Respondent,Karnataka High Court,1996,"Justice A. Kumar, Justice B. Mehta","Code of Criminal Procedure, 1973",Property title conflict,"This case deals with Property title conflict. The court examined relevant provisions under Code of Criminal Procedure, 1973 and evaluated arguments from both parties regarding procedural fairness and compliance with statutory requirements.","Property Title Conflict Case 70 vs Respondent (Karnataka High Court, 1996)

Bench: Justice A. Kumar, Justice B. Mehta
Act(s) Involved: Code of Criminal Procedure, 1973
Issue: Property title conflict

Facts: The dispute arises from allegations concerning property title conflict. The petitioner argued that their rights were violated, while the respondent maintained adherence to legal procedures.

Arguments: Both parties presented extensive submissions regarding the applicability of case precedents, statutory interpretation, and procedural safeguards.

Judgment: After reviewing precedents and statutory provisions under Code of Criminal Procedure, 1973, the court held that the matter required careful interpretation of legal obligations. The court ruled in favor of the respondent, citing principles of natural justice, proportionality, and due process.

Keywords: Property title conflict, Code of Criminal Procedure, 1973, judgment, reasoning, legal interpretation, relief granted
"
CASE-2070,Property Title Conflict Case 71 vs Respondent,Supreme Court of India,2016,"Justice A. Kumar, Justice B. Mehta",Labour Industrial Disputes Act,Property title conflict,This case deals with Property title conflict. The court examined relevant provisions under Labour Industrial Disputes Act and evaluated arguments from both parties regarding procedural fairness and compliance with statutory requirements.,"Property Title Conflict Case 71 vs Respondent (Supreme Court of India, 2016)

Bench: Justice A. Kumar, Justice B. Mehta
Act(s) Involved: Labour Industrial Disputes Act
Issue: Property title conflict

Facts: The dispute arises from allegations concerning property title conflict. The petitioner argued that their rights were violated, while the respondent maintained adherence to legal procedures.

Arguments: Both parties presented extensive submissions regarding the applicability of case precedents, statutory interpretation, and procedural safeguards.

Judgment: After reviewing precedents and statutory provisions under Labour Industrial Disputes Act, the court held that the matter required careful interpretation of legal obligations. The court ruled in favor of the petitioner, citing principles of natural justice, proportionality, and due process.

Keywords: Property title conflict, Labour Industrial Disputes Act, judgment, reasoning, legal interpretation, relief granted
"
CASE-2071,Illegal Termination Case 72 vs Respondent,Delhi High Court,2000,"Justice A. Kumar, Justice B. Mehta","Transfer of Property Act, 1882",Illegal termination,"This case deals with Illegal termination. The court examined relevant provisions under Transfer of Property Act, 1882 and evaluated arguments from both parties regarding procedural fairness and compliance with statutory requirements.","Illegal Termination Case 72 vs Respondent (Delhi High Court, 2000)

Bench: Justice A. Kumar, Justice B. Mehta
Act(s) Involved: Transfer of Property Act, 1882
Issue: Illegal termination

Facts: The dispute arises from allegations concerning illegal termination. The petitioner argued that their rights were violated, while the respondent maintained adherence to legal procedures.

Arguments: Both parties presented extensive submissions regarding the applicability of case precedents, statutory interpretation, and procedural safeguards.

Judgment: After reviewing precedents and statutory provisions under Transfer of Property Act, 1882, the court held that the matter required careful interpretation of legal obligations. The court ruled in favor of the respondent, citing principles of natural justice, proportionality, and due process.

Keywords: Illegal termination, Transfer of Property Act, 1882, judgment, reasoning, legal interpretation, relief granted
"
CASE-2072,Property Title Conflict Case 73 vs Respondent,Delhi High Court,2011,"Justice A. Kumar, Justice B. Mehta","Transfer of Property Act, 1882",Property title conflict,"This case deals with Property title conflict. The court examined relevant provisions under Transfer of Property Act, 1882 and evaluated arguments from both parties regarding procedural fairness and compliance with statutory requirements.","Property Title Conflict Case 73 vs Respondent (Delhi High Court, 2011)

Bench: Justice A. Kumar, Justice B. Mehta
Act(s) Involved: Transfer of Property Act, 1882
Issue: Property title conflict

Facts: The dispute arises from allegations concerning property title conflict. The petitioner argued that their rights were violated, while the respondent maintained adherence to legal procedures.

Arguments: Both parties presented extensive submissions regarding the applicability of case precedents, statutory interpretation, and procedural safeguards.

Judgment: After reviewing precedents and statutory provisions under Transfer of Property Act, 1882, the court held that the matter required careful interpretation of legal obligations. The court ruled in favor of the petitioner, citing principles of natural justice, proportionality, and due process.

Keywords: Property title conflict, Transfer of Property Act, 1882, judgment, reasoning, legal interpretation, relief granted
"
CASE-2073,Negligence Liability Case 74 vs Respondent,Supreme Court of India,2002,"Justice A. Kumar, Justice B. Mehta","Evidence Act, 1872",Negligence liability,"This case deals with Negligence liability. The court examined relevant provisions under Evidence Act, 1872 and evaluated arguments from both parties regarding procedural fairness and compliance with statutory requirements.","Negligence Liability Case 74 vs Respondent (Supreme Court of India, 2002)

Bench: Justice A. Kumar, Justice B. Mehta
Act(s) Involved: Evidence Act, 1872
Issue: Negligence liability

Facts: The dispute arises from allegations concerning negligence liability. The petitioner argued that their rights were violated, while the respondent maintained adherence to legal procedures.

Arguments: Both parties presented extensive submissions regarding the applicability of case precedents, statutory interpretation, and procedural safeguards.

Judgment: After reviewing precedents and statutory provisions under Evidence Act, 1872, the court held that the matter required careful interpretation of legal obligations. The court ruled in favor of the respondent, citing principles of natural justice, proportionality, and due process.

Keywords: Negligence liability, Evidence Act, 1872, judgment, reasoning, legal interpretation, relief granted
"
CASE-2074,Bail Application Case 75 vs Respondent,Madras High Court,2024,"Justice A. Kumar, Justice B. Mehta","Code of Criminal Procedure, 1973",Bail application,"This case deals with Bail application. The court examined relevant provisions under Code of Criminal Procedure, 1973 and evaluated arguments from both parties regarding procedural fairness and compliance with statutory requirements.","Bail Application Case 75 vs Respondent (Madras High Court, 2024)

Bench: Justice A. Kumar, Justice B. Mehta
Act(s) Involved: Code of Criminal Procedure, 1973
Issue: Bail application

Facts: The dispute arises from allegations concerning bail application. The petitioner argued that their rights were violated, while the respondent maintained adherence to legal procedures.

Arguments: Both parties presented extensive submissions regarding the applicability of case precedents, statutory interpretation, and procedural safeguards.

Judgment: After reviewing precedents and statutory provisions under Code of Criminal Procedure, 1973, the court held that the matter required careful interpretation of legal obligations. The court ruled in favor of the petitioner, citing principles of natural justice, proportionality, and due process.

Keywords: Bail application, Code of Criminal Procedure, 1973, judgment, reasoning, legal interpretation, relief granted
"
CASE-2075,Eviction Notice Validity Case 76 vs Respondent,Delhi High Court,2005,"Justice A. Kumar, Justice B. Mehta","Indian Contract Act, 1872",Eviction notice validity,"This case deals with Eviction notice validity. The court examined relevant provisions under Indian Contract Act, 1872 and evaluated arguments from both parties regarding procedural fairness and compliance with statutory requirements.","Eviction Notice Validity Case 76 vs Respondent (Delhi High Court, 2005)

Bench: Justice A. Kumar, Justice B. Mehta
Act(s) Involved: Indian Contract Act, 1872
Issue: Eviction notice validity

Facts: The dispute arises from allegations concerning eviction notice validity. The petitioner argued that their rights were violated, while the respondent maintained adherence to legal procedures.

Arguments: Both parties presented extensive submissions regarding the applicability of case precedents, statutory interpretation, and procedural safeguards.

Judgment: After reviewing precedents and statutory provisions under Indian Contract Act, 1872, the court held that the matter required careful interpretation of legal obligations. The court ruled in favor of the respondent, citing principles of natural justice, proportionality, and due process.

Keywords: Eviction notice validity, Indian Contract Act, 1872, judgment, reasoning, legal interpretation, relief granted
"
CASE-2076,Breach Of Contract Case 77 vs Respondent,Madras High Court,2005,"Justice A. Kumar, Justice B. Mehta","Code of Criminal Procedure, 1973",Breach of contract,"This case deals with Breach of contract. The court examined relevant provisions under Code of Criminal Procedure, 1973 and evaluated arguments from both parties regarding procedural fairness and compliance with statutory requirements.","Breach Of Contract Case 77 vs Respondent (Madras High Court, 2005)

Bench: Justice A. Kumar, Justice B. Mehta
Act(s) Involved: Code of Criminal Procedure, 1973
Issue: Breach of contract

Facts: The dispute arises from allegations concerning breach of contract. The petitioner argued that their rights were violated, while the respondent maintained adherence to legal procedures.

Arguments: Both parties presented extensive submissions regarding the applicability of case precedents, statutory interpretation, and procedural safeguards.

Judgment: After reviewing precedents and statutory provisions under Code of Criminal Procedure, 1973, the court held that the matter required careful interpretation of legal obligations. The court ruled in favor of the petitioner, citing principles of natural justice, proportionality, and due process.

Keywords: Breach of contract, Code of Criminal Procedure, 1973, judgment, reasoning, legal interpretation, relief granted
"
CASE-2077,Negligence Liability Case 78 vs Respondent,Delhi High Court,2017,"Justice A. Kumar, Justice B. Mehta","Indian Contract Act, 1872",Negligence liability,"This case deals with Negligence liability. The court examined relevant provisions under Indian Contract Act, 1872 and evaluated arguments from both parties regarding procedural fairness and compliance with statutory requirements.","Negligence Liability Case 78 vs Respondent (Delhi High Court, 2017)

Bench: Justice A. Kumar, Justice B. Mehta
Act(s) Involved: Indian Contract Act, 1872
Issue: Negligence liability

Facts: The dispute arises from allegations concerning negligence liability. The petitioner argued that their rights were violated, while the respondent maintained adherence to legal procedures.

Arguments: Both parties presented extensive submissions regarding the applicability of case precedents, statutory interpretation, and procedural safeguards.

Judgment: After reviewing precedents and statutory provisions under Indian Contract Act, 1872, the court held that the matter required careful interpretation of legal obligations. The court ruled in favor of the respondent, citing principles of natural justice, proportionality, and due process.

Keywords: Negligence liability, Indian Contract Act, 1872, judgment, reasoning, legal interpretation, relief granted
"
CASE-2078,Fraud Allegations Case 79 vs Respondent,Supreme Court of India,2001,"Justice A. Kumar, Justice B. Mehta","Transfer of Property Act, 1882",Fraud allegations,"This case deals with Fraud allegations. The court examined relevant provisions under Transfer of Property Act, 1882 and evaluated arguments from both parties regarding procedural fairness and compliance with statutory requirements.","Fraud Allegations Case 79 vs Respondent (Supreme Court of India, 2001)

Bench: Justice A. Kumar, Justice B. Mehta
Act(s) Involved: Transfer of Property Act, 1882
Issue: Fraud allegations

Facts: The dispute arises from allegations concerning fraud allegations. The petitioner argued that their rights were violated, while the respondent maintained adherence to legal procedures.

Arguments: Both parties presented extensive submissions regarding the applicability of case precedents, statutory interpretation, and procedural safeguards.

Judgment: After reviewing precedents and statutory provisions under Transfer of Property Act, 1882, the court held that the matter required careful interpretation of legal obligations. The court ruled in favor of the petitioner, citing principles of natural justice, proportionality, and due process.

Keywords: Fraud allegations, Transfer of Property Act, 1882, judgment, reasoning, legal interpretation, relief granted
"
CASE-2079,Salary Dispute Case 80 vs Respondent,Supreme Court of India,1996,"Justice A. Kumar, Justice B. Mehta","Indian Contract Act, 1872",Salary dispute,"This case deals with Salary dispute. The court examined relevant provisions under Indian Contract Act, 1872 and evaluated arguments from both parties regarding procedural fairness and compliance with statutory requirements.","Salary Dispute Case 80 vs Respondent (Supreme Court of India, 1996)

Bench: Justice A. Kumar, Justice B. Mehta
Act(s) Involved: Indian Contract Act, 1872
Issue: Salary dispute

Facts: The dispute arises from allegations concerning salary dispute. The petitioner argued that their rights were violated, while the respondent maintained adherence to legal procedures.

Arguments: Both parties presented extensive submissions regarding the applicability of case precedents, statutory interpretation, and procedural safeguards.

Judgment: After reviewing precedents and statutory provisions under Indian Contract Act, 1872, the court held that the matter required careful interpretation of legal obligations. The court ruled in favor of the respondent, citing principles of natural justice, proportionality, and due process.

Keywords: Salary dispute, Indian Contract Act, 1872, judgment, reasoning, legal interpretation, relief granted
"
CASE-2080,Negligence Liability Case 81 vs Respondent,Supreme Court of India,2003,"Justice A. Kumar, Justice B. Mehta",Rent Control Act,Negligence liability,This case deals with Negligence liability. The court examined relevant provisions under Rent Control Act and evaluated arguments from both parties regarding procedural fairness and compliance with statutory requirements.,"Negligence Liability Case 81 vs Respondent (Supreme Court of India, 2003)

Bench: Justice A. Kumar, Justice B. Mehta
Act(s) Involved: Rent Control Act
Issue: Negligence liability

Facts: The dispute arises from allegations concerning negligence liability. The petitioner argued that their rights were violated, while the respondent maintained adherence to legal procedures.

Arguments: Both parties presented extensive submissions regarding the applicability of case precedents, statutory interpretation, and procedural safeguards.

Judgment: After reviewing precedents and statutory provisions under Rent Control Act, the court held that the matter required careful interpretation of legal obligations. The court ruled in favor of the petitioner, citing principles of natural justice, proportionality, and due process.

Keywords: Negligence liability, Rent Control Act, judgment, reasoning, legal interpretation, relief granted
"
CASE-2081,Eviction Notice Validity Case 82 vs Respondent,Karnataka High Court,2010,"Justice A. Kumar, Justice B. Mehta","Indian Penal Code, 1860",Eviction notice validity,"This case deals with Eviction notice validity. The court examined relevant provisions under Indian Penal Code, 1860 and evaluated arguments from both parties regarding procedural fairness and compliance with statutory requirements.","Eviction Notice Validity Case 82 vs Respondent (Karnataka High Court, 2010)

Bench: Justice A. Kumar, Justice B. Mehta
Act(s) Involved: Indian Penal Code, 1860
Issue: Eviction notice validity

Facts: The dispute arises from allegations concerning eviction notice validity. The petitioner argued that their rights were violated, while the respondent maintained adherence to legal procedures.

Arguments: Both parties presented extensive submissions regarding the applicability of case precedents, statutory interpretation, and procedural safeguards.

Judgment: After reviewing precedents and statutory provisions under Indian Penal Code, 1860, the court held that the matter required careful interpretation of legal obligations. The court ruled in favor of the respondent, citing principles of natural justice, proportionality, and due process.

Keywords: Eviction notice validity, Indian Penal Code, 1860, judgment, reasoning, legal interpretation, relief granted
"
CASE-2082,Breach Of Contract Case 83 vs Respondent,Karnataka High Court,2022,"Justice A. Kumar, Justice B. Mehta","Evidence Act, 1872",Breach of contract,"This case deals with Breach of contract. The court examined relevant provisions under Evidence Act, 1872 and evaluated arguments from both parties regarding procedural fairness and compliance with statutory requirements.","Breach Of Contract Case 83 vs Respondent (Karnataka High Court, 2022)

Bench: Justice A. Kumar, Justice B. Mehta
Act(s) Involved: Evidence Act, 1872
Issue: Breach of contract

Facts: The dispute arises from allegations concerning breach of contract. The petitioner argued that their rights were violated, while the respondent maintained adherence to legal procedures.

Arguments: Both parties presented extensive submissions regarding the applicability of case precedents, statutory interpretation, and procedural safeguards.

Judgment: After reviewing precedents and statutory provisions under Evidence Act, 1872, the court held that the matter required careful interpretation of legal obligations. The court ruled in favor of the petitioner, citing principles of natural justice, proportionality, and due process.

Keywords: Breach of contract, Evidence Act, 1872, judgment, reasoning, legal interpretation, relief granted
"
CASE-2083,Fraud Allegations Case 84 vs Respondent,Supreme Court of India,1997,"Justice A. Kumar, Justice B. Mehta","Indian Penal Code, 1860",Fraud allegations,"This case deals with Fraud allegations. The court examined relevant provisions under Indian Penal Code, 1860 and evaluated arguments from both parties regarding procedural fairness and compliance with statutory requirements.","Fraud Allegations Case 84 vs Respondent (Supreme Court of India, 1997)

Bench: Justice A. Kumar, Justice B. Mehta
Act(s) Involved: Indian Penal Code, 1860
Issue: Fraud allegations

Facts: The dispute arises from allegations concerning fraud allegations. The petitioner argued that their rights were violated, while the respondent maintained adherence to legal procedures.

Arguments: Both parties presented extensive submissions regarding the applicability of case precedents, statutory interpretation, and procedural safeguards.

Judgment: After reviewing precedents and statutory provisions under Indian Penal Code, 1860, the court held that the matter required careful interpretation of legal obligations. The court ruled in favor of the respondent, citing principles of natural justice, proportionality, and due process.

Keywords: Fraud allegations, Indian Penal Code, 1860, judgment, reasoning, legal interpretation, relief granted
"
CASE-2084,Breach Of Contract Case 85 vs Respondent,Bombay High Court,2001,"Justice A. Kumar, Justice B. Mehta","Code of Criminal Procedure, 1973",Breach of contract,"This case deals with Breach of contract. The court examined relevant provisions under Code of Criminal Procedure, 1973 and evaluated arguments from both parties regarding procedural fairness and compliance with statutory requirements.","Breach Of Contract Case 85 vs Respondent (Bombay High Court, 2001)

Bench: Justice A. Kumar, Justice B. Mehta
Act(s) Involved: Code of Criminal Procedure, 1973
Issue: Breach of contract

Facts: The dispute arises from allegations concerning breach of contract. The petitioner argued that their rights were violated, while the respondent maintained adherence to legal procedures.

Arguments: Both parties presented extensive submissions regarding the applicability of case precedents, statutory interpretation, and procedural safeguards.

Judgment: After reviewing precedents and statutory provisions under Code of Criminal Procedure, 1973, the court held that the matter required careful interpretation of legal obligations. The court ruled in favor of the petitioner, citing principles of natural justice, proportionality, and due process.

Keywords: Breach of contract, Code of Criminal Procedure, 1973, judgment, reasoning, legal interpretation, relief granted
"
CASE-2085,Illegal Termination Case 86 vs Respondent,Supreme Court of India,2012,"Justice A. Kumar, Justice B. Mehta",Rent Control Act,Illegal termination,This case deals with Illegal termination. The court examined relevant provisions under Rent Control Act and evaluated arguments from both parties regarding procedural fairness and compliance with statutory requirements.,"Illegal Termination Case 86 vs Respondent (Supreme Court of India, 2012)

Bench: Justice A. Kumar, Justice B. Mehta
Act(s) Involved: Rent Control Act
Issue: Illegal termination

Facts: The dispute arises from allegations concerning illegal termination. The petitioner argued that their rights were violated, while the respondent maintained adherence to legal procedures.

Arguments: Both parties presented extensive submissions regarding the applicability of case precedents, statutory interpretation, and procedural safeguards.

Judgment: After reviewing precedents and statutory provisions under Rent Control Act, the court held that the matter required careful interpretation of legal obligations. The court ruled in favor of the respondent, citing principles of natural justice, proportionality, and due process.

Keywords: Illegal termination, Rent Control Act, judgment, reasoning, legal interpretation, relief granted
"
CASE-2086,Eviction Notice Validity Case 87 vs Respondent,Bombay High Court,2010,"Justice A. Kumar, Justice B. Mehta","Transfer of Property Act, 1882",Eviction notice validity,"This case deals with Eviction notice validity. The court examined relevant provisions under Transfer of Property Act, 1882 and evaluated arguments from both parties regarding procedural fairness and compliance with statutory requirements.","Eviction Notice Validity Case 87 vs Respondent (Bombay High Court, 2010)

Bench: Justice A. Kumar, Justice B. Mehta
Act(s) Involved: Transfer of Property Act, 1882
Issue: Eviction notice validity

Facts: The dispute arises from allegations concerning eviction notice validity. The petitioner argued that their rights were violated, while the respondent maintained adherence to legal procedures.

Arguments: Both parties presented extensive submissions regarding the applicability of case precedents, statutory interpretation, and procedural safeguards.

Judgment: After reviewing precedents and statutory provisions under Transfer of Property Act, 1882, the court held that the matter required careful interpretation of legal obligations. The court ruled in favor of the petitioner, citing principles of natural justice, proportionality, and due process.

Keywords: Eviction notice validity, Transfer of Property Act, 1882, judgment, reasoning, legal interpretation, relief granted
"
CASE-2087,Fraud Allegations Case 88 vs Respondent,Supreme Court of India,2018,"Justice A. Kumar, Justice B. Mehta","Evidence Act, 1872",Fraud allegations,"This case deals with Fraud allegations. The court examined relevant provisions under Evidence Act, 1872 and evaluated arguments from both parties regarding procedural fairness and compliance with statutory requirements.","Fraud Allegations Case 88 vs Respondent (Supreme Court of India, 2018)

Bench: Justice A. Kumar, Justice B. Mehta
Act(s) Involved: Evidence Act, 1872
Issue: Fraud allegations

Facts: The dispute arises from allegations concerning fraud allegations. The petitioner argued that their rights were violated, while the respondent maintained adherence to legal procedures.

Arguments: Both parties presented extensive submissions regarding the applicability of case precedents, statutory interpretation, and procedural safeguards.

Judgment: After reviewing precedents and statutory provisions under Evidence Act, 1872, the court held that the matter required careful interpretation of legal obligations. The court ruled in favor of the respondent, citing principles of natural justice, proportionality, and due process.

Keywords: Fraud allegations, Evidence Act, 1872, judgment, reasoning, legal interpretation, relief granted
"
CASE-2088,Negligence Liability Case 89 vs Respondent,Bombay High Court,2013,"Justice A. Kumar, Justice B. Mehta","Indian Penal Code, 1860",Negligence liability,"This case deals with Negligence liability. The court examined relevant provisions under Indian Penal Code, 1860 and evaluated arguments from both parties regarding procedural fairness and compliance with statutory requirements.","Negligence Liability Case 89 vs Respondent (Bombay High Court, 2013)

Bench: Justice A. Kumar, Justice B. Mehta
Act(s) Involved: Indian Penal Code, 1860
Issue: Negligence liability

Facts: The dispute arises from allegations concerning negligence liability. The petitioner argued that their rights were violated, while the respondent maintained adherence to legal procedures.

Arguments: Both parties presented extensive submissions regarding the applicability of case precedents, statutory interpretation, and procedural safeguards.

Judgment: After reviewing precedents and statutory provisions under Indian Penal Code, 1860, the court held that the matter required careful interpretation of legal obligations. The court ruled in favor of the petitioner, citing principles of natural justice, proportionality, and due process.

Keywords: Negligence liability, Indian Penal Code, 1860, judgment, reasoning, legal interpretation, relief granted
"
CASE-2089,Breach Of Contract Case 90 vs Respondent,Bombay High Court,2003,"Justice A. Kumar, Justice B. Mehta",Labour Industrial Disputes Act,Breach of contract,This case deals with Breach of contract. The court examined relevant provisions under Labour Industrial Disputes Act and evaluated arguments from both parties regarding procedural fairness and compliance with statutory requirements.,"Breach Of Contract Case 90 vs Respondent (Bombay High Court, 2003)

Bench: Justice A. Kumar, Justice B. Mehta
Act(s) Involved: Labour Industrial Disputes Act
Issue: Breach of contract

Facts: The dispute arises from allegations concerning breach of contract. The petitioner argued that their rights were violated, while the respondent maintained adherence to legal procedures.

Arguments: Both parties presented extensive submissions regarding the applicability of case precedents, statutory interpretation, and procedural safeguards.

Judgment: After reviewing precedents and statutory provisions under Labour Industrial Disputes Act, the court held that the matter required careful interpretation of legal obligations. The court ruled in favor of the respondent, citing principles of natural justice, proportionality, and due process.

Keywords: Breach of contract, Labour Industrial Disputes Act, judgment, reasoning, legal interpretation, relief granted
"
CASE-2090,Negligence Liability Case 91 vs Respondent,Madras High Court,2003,"Justice A. Kumar, Justice B. Mehta","Code of Criminal Procedure, 1973",Negligence liability,"This case deals with Negligence liability. The court examined relevant provisions under Code of Criminal Procedure, 1973 and evaluated arguments from both parties regarding procedural fairness and compliance with statutory requirements.","Negligence Liability Case 91 vs Respondent (Madras High Court, 2003)

Bench: Justice A. Kumar, Justice B. Mehta
Act(s) Involved: Code of Criminal Procedure, 1973
Issue: Negligence liability

Facts: The dispute arises from allegations concerning negligence liability. The petitioner argued that their rights were violated, while the respondent maintained adherence to legal procedures.

Arguments: Both parties presented extensive submissions regarding the applicability of case precedents, statutory interpretation, and procedural safeguards.

Judgment: After reviewing precedents and statutory provisions under Code of Criminal Procedure, 1973, the court held that the matter required careful interpretation of legal obligations. The court ruled in favor of the petitioner, citing principles of natural justice, proportionality, and due process.

Keywords: Negligence liability, Code of Criminal Procedure, 1973, judgment, reasoning, legal interpretation, relief granted
"
CASE-2091,Fraud Allegations Case 92 vs Respondent,Supreme Court of India,2008,"Justice A. Kumar, Justice B. Mehta","Indian Penal Code, 1860",Fraud allegations,"This case deals with Fraud allegations. The court examined relevant provisions under Indian Penal Code, 1860 and evaluated arguments from both parties regarding procedural fairness and compliance with statutory requirements.","Fraud Allegations Case 92 vs Respondent (Supreme Court of India, 2008)

Bench: Justice A. Kumar, Justice B. Mehta
Act(s) Involved: Indian Penal Code, 1860
Issue: Fraud allegations

Facts: The dispute arises from allegations concerning fraud allegations. The petitioner argued that their rights were violated, while the respondent maintained adherence to legal procedures.

Arguments: Both parties presented extensive submissions regarding the applicability of case precedents, statutory interpretation, and procedural safeguards.

Judgment: After reviewing precedents and statutory provisions under Indian Penal Code, 1860, the court held that the matter required careful interpretation of legal obligations. The court ruled in favor of the respondent, citing principles of natural justice, proportionality, and due process.

Keywords: Fraud allegations, Indian Penal Code, 1860, judgment, reasoning, legal interpretation, relief granted
"
CASE-2092,Negligence Liability Case 93 vs Respondent,Delhi High Court,1999,"Justice A. Kumar, Justice B. Mehta",Rent Control Act,Negligence liability,This case deals with Negligence liability. The court examined relevant provisions under Rent Control Act and evaluated arguments from both parties regarding procedural fairness and compliance with statutory requirements.,"Negligence Liability Case 93 vs Respondent (Delhi High Court, 1999)

Bench: Justice A. Kumar, Justice B. Mehta
Act(s) Involved: Rent Control Act
Issue: Negligence liability

Facts: The dispute arises from allegations concerning negligence liability. The petitioner argued that their rights were violated, while the respondent maintained adherence to legal procedures.

Arguments: Both parties presented extensive submissions regarding the applicability of case precedents, statutory interpretation, and procedural safeguards.

Judgment: After reviewing precedents and statutory provisions under Rent Control Act, the court held that the matter required careful interpretation of legal obligations. The court ruled in favor of the petitioner, citing principles of natural justice, proportionality, and due process.

Keywords: Negligence liability, Rent Control Act, judgment, reasoning, legal interpretation, relief granted
"
CASE-2093,Breach Of Contract Case 94 vs Respondent,Madras High Court,2006,"Justice A. Kumar, Justice B. Mehta",Rent Control Act,Breach of contract,This case deals with Breach of contract. The court examined relevant provisions under Rent Control Act and evaluated arguments from both parties regarding procedural fairness and compliance with statutory requirements.,"Breach Of Contract Case 94 vs Respondent (Madras High Court, 2006)

Bench: Justice A. Kumar, Justice B. Mehta
Act(s) Involved: Rent Control Act
Issue: Breach of contract

Facts: The dispute arises from allegations concerning breach of contract. The petitioner argued that their rights were violated, while the respondent maintained adherence to legal procedures.

Arguments: Both parties presented extensive submissions regarding the applicability of case precedents, statutory interpretation, and procedural safeguards.

Judgment: After reviewing precedents and statutory provisions under Rent Control Act, the court held that the matter required careful interpretation of legal obligations. The court ruled in favor of the respondent, citing principles of natural justice, proportionality, and due process.

Keywords: Breach of contract, Rent Control Act, judgment, reasoning, legal interpretation, relief granted
"
CASE-2094,Salary Dispute Case 95 vs Respondent,Bombay High Court,2010,"Justice A. Kumar, Justice B. Mehta","Transfer of Property Act, 1882",Salary dispute,"This case deals with Salary dispute. The court examined relevant provisions under Transfer of Property Act, 1882 and evaluated arguments from both parties regarding procedural fairness and compliance with statutory requirements.","Salary Dispute Case 95 vs Respondent (Bombay High Court, 2010)

Bench: Justice A. Kumar, Justice B. Mehta
Act(s) Involved: Transfer of Property Act, 1882
Issue: Salary dispute

Facts: The dispute arises from allegations concerning salary dispute. The petitioner argued that their rights were violated, while the respondent maintained adherence to legal procedures.

Arguments: Both parties presented extensive submissions regarding the applicability of case precedents, statutory interpretation, and procedural safeguards.

Judgment: After reviewing precedents and statutory provisions under Transfer of Property Act, 1882, the court held that the matter required careful interpretation of legal obligations. The court ruled in favor of the petitioner, citing principles of natural justice, proportionality, and due process.

Keywords: Salary dispute, Transfer of Property Act, 1882, judgment, reasoning, legal interpretation, relief granted
"
CASE-2095,Negligence Liability Case 96 vs Respondent,Karnataka High Court,2000,"Justice A. Kumar, Justice B. Mehta","Indian Contract Act, 1872",Negligence liability,"This case deals with Negligence liability. The court examined relevant provisions under Indian Contract Act, 1872 and evaluated arguments from both parties regarding procedural fairness and compliance with statutory requirements.","Negligence Liability Case 96 vs Respondent (Karnataka High Court, 2000)

Bench: Justice A. Kumar, Justice B. Mehta
Act(s) Involved: Indian Contract Act, 1872
Issue: Negligence liability

Facts: The dispute arises from allegations concerning negligence liability. The petitioner argued that their rights were violated, while the respondent maintained adherence to legal procedures.

Arguments: Both parties presented extensive submissions regarding the applicability of case precedents, statutory interpretation, and procedural safeguards.

Judgment: After reviewing precedents and statutory provisions under Indian Contract Act, 1872, the court held that the matter required careful interpretation of legal obligations. The court ruled in favor of the respondent, citing principles of natural justice, proportionality, and due process.

Keywords: Negligence liability, Indian Contract Act, 1872, judgment, reasoning, legal interpretation, relief granted
"
CASE-2096,Negligence Liability Case 97 vs Respondent,Karnataka High Court,1995,"Justice A. Kumar, Justice B. Mehta","Transfer of Property Act, 1882",Negligence liability,"This case deals with Negligence liability. The court examined relevant provisions under Transfer of Property Act, 1882 and evaluated arguments from both parties regarding procedural fairness and compliance with statutory requirements.","Negligence Liability Case 97 vs Respondent (Karnataka High Court, 1995)

Bench: Justice A. Kumar, Justice B. Mehta
Act(s) Involved: Transfer of Property Act, 1882
Issue: Negligence liability

Facts: The dispute arises from allegations concerning negligence liability. The petitioner argued that their rights were violated, while the respondent maintained adherence to legal procedures.

Arguments: Both parties presented extensive submissions regarding the applicability of case precedents, statutory interpretation, and procedural safeguards.

Judgment: After reviewing precedents and statutory provisions under Transfer of Property Act, 1882, the court held that the matter required careful interpretation of legal obligations. The court ruled in favor of the petitioner, citing principles of natural justice, proportionality, and due process.

Keywords: Negligence liability, Transfer of Property Act, 1882, judgment, reasoning, legal interpretation, relief granted
"
CASE-2097,Negligence Liability Case 98 vs Respondent,Bombay High Court,2011,"Justice A. Kumar, Justice B. Mehta","Indian Penal Code, 1860",Negligence liability,"This case deals with Negligence liability. The court examined relevant provisions under Indian Penal Code, 1860 and evaluated arguments from both parties regarding procedural fairness and compliance with statutory requirements.","Negligence Liability Case 98 vs Respondent (Bombay High Court, 2011)

Bench: Justice A. Kumar, Justice B. Mehta
Act(s) Involved: Indian Penal Code, 1860
Issue: Negligence liability

Facts: The dispute arises from allegations concerning negligence liability. The petitioner argued that their rights were violated, while the respondent maintained adherence to legal procedures.

Arguments: Both parties presented extensive submissions regarding the applicability of case precedents, statutory interpretation, and procedural safeguards.

Judgment: After reviewing precedents and statutory provisions under Indian Penal Code, 1860, the court held that the matter required careful interpretation of legal obligations. The court ruled in favor of the respondent, citing principles of natural justice, proportionality, and due process.

Keywords: Negligence liability, Indian Penal Code, 1860, judgment, reasoning, legal interpretation, relief granted
"
CASE-2098,Salary Dispute Case 99 vs Respondent,Karnataka High Court,1995,"Justice A. Kumar, Justice B. Mehta","Indian Penal Code, 1860",Salary dispute,"This case deals with Salary dispute. The court examined relevant provisions under Indian Penal Code, 1860 and evaluated arguments from both parties regarding procedural fairness and compliance with statutory requirements.","Salary Dispute Case 99 vs Respondent (Karnataka High Court, 1995)

Bench: Justice A. Kumar, Justice B. Mehta
Act(s) Involved: Indian Penal Code, 1860
Issue: Salary dispute

Facts: The dispute arises from allegations concerning salary dispute. The petitioner argued that their rights were violated, while the respondent maintained adherence to legal procedures.

Arguments: Both parties presented extensive submissions regarding the applicability of case precedents, statutory interpretation, and procedural safeguards.

Judgment: After reviewing precedents and statutory provisions under Indian Penal Code, 1860, the court held that the matter required careful interpretation of legal obligations. The court ruled in favor of the petitioner, citing principles of natural justice, proportionality, and due process.

Keywords: Salary dispute, Indian Penal Code, 1860, judgment, reasoning, legal interpretation, relief granted
"
CASE-2099,Breach Of Contract Case 100 vs Respondent,Bombay High Court,2000,"Justice A. Kumar, Justice B. Mehta",Labour Industrial Disputes Act,Breach of contract,This case deals with Breach of contract. The court examined relevant provisions under Labour Industrial Disputes Act and evaluated arguments from both parties regarding procedural fairness and compliance with statutory requirements.,"Breach Of Contract Case 100 vs Respondent (Bombay High Court, 2000)

Bench: Justice A. Kumar, Justice B. Mehta
Act(s) Involved: Labour Industrial Disputes Act
Issue: Breach of contract

Facts: The dispute arises from allegations concerning breach of contract. The petitioner argued that their rights were violated, while the respondent maintained adherence to legal procedures.

Arguments: Both parties presented extensive submissions regarding the applicability of case precedents, statutory interpretation, and procedural safeguards.

Judgment: After reviewing precedents and statutory provisions under Labour Industrial Disputes Act, the court held that the matter required careful interpretation of legal obligations. The court ruled in favor of the respondent, citing principles of natural justice, proportionality, and due process.

Keywords: Breach of contract, Labour Industrial Disputes Act, judgment, reasoning, legal interpretation, relief granted
"
CASE-2100,Property Title Conflict Case 101 vs Respondent,Karnataka High Court,2010,"Justice A. Kumar, Justice B. Mehta",Labour Industrial Disputes Act,Property title conflict,This case deals with Property title conflict. The court examined relevant provisions under Labour Industrial Disputes Act and evaluated arguments from both parties regarding procedural fairness and compliance with statutory requirements.,"Property Title Conflict Case 101 vs Respondent (Karnataka High Court, 2010)

Bench: Justice A. Kumar, Justice B. Mehta
Act(s) Involved: Labour Industrial Disputes Act
Issue: Property title conflict

Facts: The dispute arises from allegations concerning property title conflict. The petitioner argued that their rights were violated, while the respondent maintained adherence to legal procedures.

Arguments: Both parties presented extensive submissions regarding the applicability of case precedents, statutory interpretation, and procedural safeguards.

Judgment: After reviewing precedents and statutory provisions under Labour Industrial Disputes Act, the court held that the matter required careful interpretation of legal obligations. The court ruled in favor of the petitioner, citing principles of natural justice, proportionality, and due process.

Keywords: Property title conflict, Labour Industrial Disputes Act, judgment, reasoning, legal interpretation, relief granted
"
CASE-2101,Salary Dispute Case 102 vs Respondent,Madras High Court,2020,"Justice A. Kumar, Justice B. Mehta","Evidence Act, 1872",Salary dispute,"This case deals with Salary dispute. The court examined relevant provisions under Evidence Act, 1872 and evaluated arguments from both parties regarding procedural fairness and compliance with statutory requirements.","Salary Dispute Case 102 vs Respondent (Madras High Court, 2020)

Bench: Justice A. Kumar, Justice B. Mehta
Act(s) Involved: Evidence Act, 1872
Issue: Salary dispute

Facts: The dispute arises from allegations concerning salary dispute. The petitioner argued that their rights were violated, while the respondent maintained adherence to legal procedures.

Arguments: Both parties presented extensive submissions regarding the applicability of case precedents, statutory interpretation, and procedural safeguards.

Judgment: After reviewing precedents and statutory provisions under Evidence Act, 1872, the court held that the matter required careful interpretation of legal obligations. The court ruled in favor of the respondent, citing principles of natural justice, proportionality, and due process.

Keywords: Salary dispute, Evidence Act, 1872, judgment, reasoning, legal interpretation, relief granted
"
CASE-2102,Negligence Liability Case 103 vs Respondent,Madras High Court,2003,"Justice A. Kumar, Justice B. Mehta","Indian Contract Act, 1872",Negligence liability,"This case deals with Negligence liability. The court examined relevant provisions under Indian Contract Act, 1872 and evaluated arguments from both parties regarding procedural fairness and compliance with statutory requirements.","Negligence Liability Case 103 vs Respondent (Madras High Court, 2003)

Bench: Justice A. Kumar, Justice B. Mehta
Act(s) Involved: Indian Contract Act, 1872
Issue: Negligence liability

Facts: The dispute arises from allegations concerning negligence liability. The petitioner argued that their rights were violated, while the respondent maintained adherence to legal procedures.

Arguments: Both parties presented extensive submissions regarding the applicability of case precedents, statutory interpretation, and procedural safeguards.

Judgment: After reviewing precedents and statutory provisions under Indian Contract Act, 1872, the court held that the matter required careful interpretation of legal obligations. The court ruled in favor of the petitioner, citing principles of natural justice, proportionality, and due process.

Keywords: Negligence liability, Indian Contract Act, 1872, judgment, reasoning, legal interpretation, relief granted
"
CASE-2103,Property Title Conflict Case 104 vs Respondent,Delhi High Court,2015,"Justice A. Kumar, Justice B. Mehta",Rent Control Act,Property title conflict,This case deals with Property title conflict. The court examined relevant provisions under Rent Control Act and evaluated arguments from both parties regarding procedural fairness and compliance with statutory requirements.,"Property Title Conflict Case 104 vs Respondent (Delhi High Court, 2015)

Bench: Justice A. Kumar, Justice B. Mehta
Act(s) Involved: Rent Control Act
Issue: Property title conflict

Facts: The dispute arises from allegations concerning property title conflict. The petitioner argued that their rights were violated, while the respondent maintained adherence to legal procedures.

Arguments: Both parties presented extensive submissions regarding the applicability of case precedents, statutory interpretation, and procedural safeguards.

Judgment: After reviewing precedents and statutory provisions under Rent Control Act, the court held that the matter required careful interpretation of legal obligations. The court ruled in favor of the respondent, citing principles of natural justice, proportionality, and due process.

Keywords: Property title conflict, Rent Control Act, judgment, reasoning, legal interpretation, relief granted
"
CASE-2104,Negligence Liability Case 105 vs Respondent,Bombay High Court,2020,"Justice A. Kumar, Justice B. Mehta","Code of Criminal Procedure, 1973",Negligence liability,"This case deals with Negligence liability. The court examined relevant provisions under Code of Criminal Procedure, 1973 and evaluated arguments from both parties regarding procedural fairness and compliance with statutory requirements.","Negligence Liability Case 105 vs Respondent (Bombay High Court, 2020)

Bench: Justice A. Kumar, Justice B. Mehta
Act(s) Involved: Code of Criminal Procedure, 1973
Issue: Negligence liability

Facts: The dispute arises from allegations concerning negligence liability. The petitioner argued that their rights were violated, while the respondent maintained adherence to legal procedures.

Arguments: Both parties presented extensive submissions regarding the applicability of case precedents, statutory interpretation, and procedural safeguards.

Judgment: After reviewing precedents and statutory provisions under Code of Criminal Procedure, 1973, the court held that the matter required careful interpretation of legal obligations. The court ruled in favor of the petitioner, citing principles of natural justice, proportionality, and due process.

Keywords: Negligence liability, Code of Criminal Procedure, 1973, judgment, reasoning, legal interpretation, relief granted
"
CASE-2105,Salary Dispute Case 106 vs Respondent,Madras High Court,2023,"Justice A. Kumar, Justice B. Mehta",Rent Control Act,Salary dispute,This case deals with Salary dispute. The court examined relevant provisions under Rent Control Act and evaluated arguments from both parties regarding procedural fairness and compliance with statutory requirements.,"Salary Dispute Case 106 vs Respondent (Madras High Court, 2023)

Bench: Justice A. Kumar, Justice B. Mehta
Act(s) Involved: Rent Control Act
Issue: Salary dispute

Facts: The dispute arises from allegations concerning salary dispute. The petitioner argued that their rights were violated, while the respondent maintained adherence to legal procedures.

Arguments: Both parties presented extensive submissions regarding the applicability of case precedents, statutory interpretation, and procedural safeguards.

Judgment: After reviewing precedents and statutory provisions under Rent Control Act, the court held that the matter required careful interpretation of legal obligations. The court ruled in favor of the respondent, citing principles of natural justice, proportionality, and due process.

Keywords: Salary dispute, Rent Control Act, judgment, reasoning, legal interpretation, relief granted
"
CASE-2106,Breach Of Contract Case 107 vs Respondent,Supreme Court of India,2011,"Justice A. Kumar, Justice B. Mehta","Indian Contract Act, 1872",Breach of contract,"This case deals with Breach of contract. The court examined relevant provisions under Indian Contract Act, 1872 and evaluated arguments from both parties regarding procedural fairness and compliance with statutory requirements.","Breach Of Contract Case 107 vs Respondent (Supreme Court of India, 2011)

Bench: Justice A. Kumar, Justice B. Mehta
Act(s) Involved: Indian Contract Act, 1872
Issue: Breach of contract

Facts: The dispute arises from allegations concerning breach of contract. The petitioner argued that their rights were violated, while the respondent maintained adherence to legal procedures.

Arguments: Both parties presented extensive submissions regarding the applicability of case precedents, statutory interpretation, and procedural safeguards.

Judgment: After reviewing precedents and statutory provisions under Indian Contract Act, 1872, the court held that the matter required careful interpretation of legal obligations. The court ruled in favor of the petitioner, citing principles of natural justice, proportionality, and due process.

Keywords: Breach of contract, Indian Contract Act, 1872, judgment, reasoning, legal interpretation, relief granted
"
CASE-2107,Fraud Allegations Case 108 vs Respondent,Madras High Court,2000,"Justice A. Kumar, Justice B. Mehta","Indian Penal Code, 1860",Fraud allegations,"This case deals with Fraud allegations. The court examined relevant provisions under Indian Penal Code, 1860 and evaluated arguments from both parties regarding procedural fairness and compliance with statutory requirements.","Fraud Allegations Case 108 vs Respondent (Madras High Court, 2000)

Bench: Justice A. Kumar, Justice B. Mehta
Act(s) Involved: Indian Penal Code, 1860
Issue: Fraud allegations

Facts: The dispute arises from allegations concerning fraud allegations. The petitioner argued that their rights were violated, while the respondent maintained adherence to legal procedures.

Arguments: Both parties presented extensive submissions regarding the applicability of case precedents, statutory interpretation, and procedural safeguards.

Judgment: After reviewing precedents and statutory provisions under Indian Penal Code, 1860, the court held that the matter required careful interpretation of legal obligations. The court ruled in favor of the respondent, citing principles of natural justice, proportionality, and due process.

Keywords: Fraud allegations, Indian Penal Code, 1860, judgment, reasoning, legal interpretation, relief granted
"
CASE-2108,Fraud Allegations Case 109 vs Respondent,Madras High Court,1998,"Justice A. Kumar, Justice B. Mehta","Evidence Act, 1872",Fraud allegations,"This case deals with Fraud allegations. The court examined relevant provisions under Evidence Act, 1872 and evaluated arguments from both parties regarding procedural fairness and compliance with statutory requirements.","Fraud Allegations Case 109 vs Respondent (Madras High Court, 1998)

Bench: Justice A. Kumar, Justice B. Mehta
Act(s) Involved: Evidence Act, 1872
Issue: Fraud allegations

Facts: The dispute arises from allegations concerning fraud allegations. The petitioner argued that their rights were violated, while the respondent maintained adherence to legal procedures.

Arguments: Both parties presented extensive submissions regarding the applicability of case precedents, statutory interpretation, and procedural safeguards.

Judgment: After reviewing precedents and statutory provisions under Evidence Act, 1872, the court held that the matter required careful interpretation of legal obligations. The court ruled in favor of the petitioner, citing principles of natural justice, proportionality, and due process.

Keywords: Fraud allegations, Evidence Act, 1872, judgment, reasoning, legal interpretation, relief granted
"
CASE-2109,Breach Of Contract Case 110 vs Respondent,Delhi High Court,2008,"Justice A. Kumar, Justice B. Mehta",Labour Industrial Disputes Act,Breach of contract,This case deals with Breach of contract. The court examined relevant provisions under Labour Industrial Disputes Act and evaluated arguments from both parties regarding procedural fairness and compliance with statutory requirements.,"Breach Of Contract Case 110 vs Respondent (Delhi High Court, 2008)

Bench: Justice A. Kumar, Justice B. Mehta
Act(s) Involved: Labour Industrial Disputes Act
Issue: Breach of contract

Facts: The dispute arises from allegations concerning breach of contract. The petitioner argued that their rights were violated, while the respondent maintained adherence to legal procedures.

Arguments: Both parties presented extensive submissions regarding the applicability of case precedents, statutory interpretation, and procedural safeguards.

Judgment: After reviewing precedents and statutory provisions under Labour Industrial Disputes Act, the court held that the matter required careful interpretation of legal obligations. The court ruled in favor of the respondent, citing principles of natural justice, proportionality, and due process.

Keywords: Breach of contract, Labour Industrial Disputes Act, judgment, reasoning, legal interpretation, relief granted
"
CASE-2110,Eviction Notice Validity Case 111 vs Respondent,Delhi High Court,2020,"Justice A. Kumar, Justice B. Mehta","Evidence Act, 1872",Eviction notice validity,"This case deals with Eviction notice validity. The court examined relevant provisions under Evidence Act, 1872 and evaluated arguments from both parties regarding procedural fairness and compliance with statutory requirements.","Eviction Notice Validity Case 111 vs Respondent (Delhi High Court, 2020)

Bench: Justice A. Kumar, Justice B. Mehta
Act(s) Involved: Evidence Act, 1872
Issue: Eviction notice validity

Facts: The dispute arises from allegations concerning eviction notice validity. The petitioner argued that their rights were violated, while the respondent maintained adherence to legal procedures.

Arguments: Both parties presented extensive submissions regarding the applicability of case precedents, statutory interpretation, and procedural safeguards.

Judgment: After reviewing precedents and statutory provisions under Evidence Act, 1872, the court held that the matter required careful interpretation of legal obligations. The court ruled in favor of the petitioner, citing principles of natural justice, proportionality, and due process.

Keywords: Eviction notice validity, Evidence Act, 1872, judgment, reasoning, legal interpretation, relief granted
"
CASE-2111,Eviction Notice Validity Case 112 vs Respondent,Bombay High Court,2017,"Justice A. Kumar, Justice B. Mehta","Evidence Act, 1872",Eviction notice validity,"This case deals with Eviction notice validity. The court examined relevant provisions under Evidence Act, 1872 and evaluated arguments from both parties regarding procedural fairness and compliance with statutory requirements.","Eviction Notice Validity Case 112 vs Respondent (Bombay High Court, 2017)

Bench: Justice A. Kumar, Justice B. Mehta
Act(s) Involved: Evidence Act, 1872
Issue: Eviction notice validity

Facts: The dispute arises from allegations concerning eviction notice validity. The petitioner argued that their rights were violated, while the respondent maintained adherence to legal procedures.

Arguments: Both parties presented extensive submissions regarding the applicability of case precedents, statutory interpretation, and procedural safeguards.

Judgment: After reviewing precedents and statutory provisions under Evidence Act, 1872, the court held that the matter required careful interpretation of legal obligations. The court ruled in favor of the respondent, citing principles of natural justice, proportionality, and due process.

Keywords: Eviction notice validity, Evidence Act, 1872, judgment, reasoning, legal interpretation, relief granted
"
CASE-2112,Property Title Conflict Case 113 vs Respondent,Delhi High Court,2006,"Justice A. Kumar, Justice B. Mehta","Transfer of Property Act, 1882",Property title conflict,"This case deals with Property title conflict. The court examined relevant provisions under Transfer of Property Act, 1882 and evaluated arguments from both parties regarding procedural fairness and compliance with statutory requirements.","Property Title Conflict Case 113 vs Respondent (Delhi High Court, 2006)

Bench: Justice A. Kumar, Justice B. Mehta
Act(s) Involved: Transfer of Property Act, 1882
Issue: Property title conflict

Facts: The dispute arises from allegations concerning property title conflict. The petitioner argued that their rights were violated, while the respondent maintained adherence to legal procedures.

Arguments: Both parties presented extensive submissions regarding the applicability of case precedents, statutory interpretation, and procedural safeguards.

Judgment: After reviewing precedents and statutory provisions under Transfer of Property Act, 1882, the court held that the matter required careful interpretation of legal obligations. The court ruled in favor of the petitioner, citing principles of natural justice, proportionality, and due process.

Keywords: Property title conflict, Transfer of Property Act, 1882, judgment, reasoning, legal interpretation, relief granted
"
CASE-2113,Property Title Conflict Case 114 vs Respondent,Karnataka High Court,1995,"Justice A. Kumar, Justice B. Mehta","Indian Contract Act, 1872",Property title conflict,"This case deals with Property title conflict. The court examined relevant provisions under Indian Contract Act, 1872 and evaluated arguments from both parties regarding procedural fairness and compliance with statutory requirements.","Property Title Conflict Case 114 vs Respondent (Karnataka High Court, 1995)

Bench: Justice A. Kumar, Justice B. Mehta
Act(s) Involved: Indian Contract Act, 1872
Issue: Property title conflict

Facts: The dispute arises from allegations concerning property title conflict. The petitioner argued that their rights were violated, while the respondent maintained adherence to legal procedures.

Arguments: Both parties presented extensive submissions regarding the applicability of case precedents, statutory interpretation, and procedural safeguards.

Judgment: After reviewing precedents and statutory provisions under Indian Contract Act, 1872, the court held that the matter required careful interpretation of legal obligations. The court ruled in favor of the respondent, citing principles of natural justice, proportionality, and due process.

Keywords: Property title conflict, Indian Contract Act, 1872, judgment, reasoning, legal interpretation, relief granted
"
CASE-2114,Negligence Liability Case 115 vs Respondent,Karnataka High Court,2013,"Justice A. Kumar, Justice B. Mehta","Indian Contract Act, 1872",Negligence liability,"This case deals with Negligence liability. The court examined relevant provisions under Indian Contract Act, 1872 and evaluated arguments from both parties regarding procedural fairness and compliance with statutory requirements.","Negligence Liability Case 115 vs Respondent (Karnataka High Court, 2013)

Bench: Justice A. Kumar, Justice B. Mehta
Act(s) Involved: Indian Contract Act, 1872
Issue: Negligence liability

Facts: The dispute arises from allegations concerning negligence liability. The petitioner argued that their rights were violated, while the respondent maintained adherence to legal procedures.

Arguments: Both parties presented extensive submissions regarding the applicability of case precedents, statutory interpretation, and procedural safeguards.

Judgment: After reviewing precedents and statutory provisions under Indian Contract Act, 1872, the court held that the matter required careful interpretation of legal obligations. The court ruled in favor of the petitioner, citing principles of natural justice, proportionality, and due process.

Keywords: Negligence liability, Indian Contract Act, 1872, judgment, reasoning, legal interpretation, relief granted
"
CASE-2115,Salary Dispute Case 116 vs Respondent,Karnataka High Court,2021,"Justice A. Kumar, Justice B. Mehta","Indian Contract Act, 1872",Salary dispute,"This case deals with Salary dispute. The court examined relevant provisions under Indian Contract Act, 1872 and evaluated arguments from both parties regarding procedural fairness and compliance with statutory requirements.","Salary Dispute Case 116 vs Respondent (Karnataka High Court, 2021)

Bench: Justice A. Kumar, Justice B. Mehta
Act(s) Involved: Indian Contract Act, 1872
Issue: Salary dispute

Facts: The dispute arises from allegations concerning salary dispute. The petitioner argued that their rights were violated, while the respondent maintained adherence to legal procedures.

Arguments: Both parties presented extensive submissions regarding the applicability of case precedents, statutory interpretation, and procedural safeguards.

Judgment: After reviewing precedents and statutory provisions under Indian Contract Act, 1872, the court held that the matter required careful interpretation of legal obligations. The court ruled in favor of the respondent, citing principles of natural justice, proportionality, and due process.

Keywords: Salary dispute, Indian Contract Act, 1872, judgment, reasoning, legal interpretation, relief granted
"
CASE-2116,Salary Dispute Case 117 vs Respondent,Bombay High Court,2021,"Justice A. Kumar, Justice B. Mehta",Rent Control Act,Salary dispute,This case deals with Salary dispute. The court examined relevant provisions under Rent Control Act and evaluated arguments from both parties regarding procedural fairness and compliance with statutory requirements.,"Salary Dispute Case 117 vs Respondent (Bombay High Court, 2021)

Bench: Justice A. Kumar, Justice B. Mehta
Act(s) Involved: Rent Control Act
Issue: Salary dispute

Facts: The dispute arises from allegations concerning salary dispute. The petitioner argued that their rights were violated, while the respondent maintained adherence to legal procedures.

Arguments: Both parties presented extensive submissions regarding the applicability of case precedents, statutory interpretation, and procedural safeguards.

Judgment: After reviewing precedents and statutory provisions under Rent Control Act, the court held that the matter required careful interpretation of legal obligations. The court ruled in favor of the petitioner, citing principles of natural justice, proportionality, and due process.

Keywords: Salary dispute, Rent Control Act, judgment, reasoning, legal interpretation, relief granted
"
CASE-2117,Bail Application Case 118 vs Respondent,Bombay High Court,2014,"Justice A. Kumar, Justice B. Mehta","Indian Contract Act, 1872",Bail application,"This case deals with Bail application. The court examined relevant provisions under Indian Contract Act, 1872 and evaluated arguments from both parties regarding procedural fairness and compliance with statutory requirements.","Bail Application Case 118 vs Respondent (Bombay High Court, 2014)

Bench: Justice A. Kumar, Justice B. Mehta
Act(s) Involved: Indian Contract Act, 1872
Issue: Bail application

Facts: The dispute arises from allegations concerning bail application. The petitioner argued that their rights were violated, while the respondent maintained adherence to legal procedures.

Arguments: Both parties presented extensive submissions regarding the applicability of case precedents, statutory interpretation, and procedural safeguards.

Judgment: After reviewing precedents and statutory provisions under Indian Contract Act, 1872, the court held that the matter required careful interpretation of legal obligations. The court ruled in favor of the respondent, citing principles of natural justice, proportionality, and due process.

Keywords: Bail application, Indian Contract Act, 1872, judgment, reasoning, legal interpretation, relief granted
"
CASE-2118,Property Title Conflict Case 119 vs Respondent,Delhi High Court,1995,"Justice A. Kumar, Justice B. Mehta",Rent Control Act,Property title conflict,This case deals with Property title conflict. The court examined relevant provisions under Rent Control Act and evaluated arguments from both parties regarding procedural fairness and compliance with statutory requirements.,"Property Title Conflict Case 119 vs Respondent (Delhi High Court, 1995)

Bench: Justice A. Kumar, Justice B. Mehta
Act(s) Involved: Rent Control Act
Issue: Property title conflict

Facts: The dispute arises from allegations concerning property title conflict. The petitioner argued that their rights were violated, while the respondent maintained adherence to legal procedures.

Arguments: Both parties presented extensive submissions regarding the applicability of case precedents, statutory interpretation, and procedural safeguards.

Judgment: After reviewing precedents and statutory provisions under Rent Control Act, the court held that the matter required careful interpretation of legal obligations. The court ruled in favor of the petitioner, citing principles of natural justice, proportionality, and due process.

Keywords: Property title conflict, Rent Control Act, judgment, reasoning, legal interpretation, relief granted
"
CASE-2119,Eviction Notice Validity Case 120 vs Respondent,Bombay High Court,2004,"Justice A. Kumar, Justice B. Mehta",Labour Industrial Disputes Act,Eviction notice validity,This case deals with Eviction notice validity. The court examined relevant provisions under Labour Industrial Disputes Act and evaluated arguments from both parties regarding procedural fairness and compliance with statutory requirements.,"Eviction Notice Validity Case 120 vs Respondent (Bombay High Court, 2004)

Bench: Justice A. Kumar, Justice B. Mehta
Act(s) Involved: Labour Industrial Disputes Act
Issue: Eviction notice validity

Facts: The dispute arises from allegations concerning eviction notice validity. The petitioner argued that their rights were violated, while the respondent maintained adherence to legal procedures.

Arguments: Both parties presented extensive submissions regarding the applicability of case precedents, statutory interpretation, and procedural safeguards.

Judgment: After reviewing precedents and statutory provisions under Labour Industrial Disputes Act, the court held that the matter required careful interpretation of legal obligations. The court ruled in favor of the respondent, citing principles of natural justice, proportionality, and due process.

Keywords: Eviction notice validity, Labour Industrial Disputes Act, judgment, reasoning, legal interpretation, relief granted
"
CASE-2120,Breach Of Contract Case 121 vs Respondent,Karnataka High Court,2013,"Justice A. Kumar, Justice B. Mehta","Indian Contract Act, 1872",Breach of contract,"This case deals with Breach of contract. The court examined relevant provisions under Indian Contract Act, 1872 and evaluated arguments from both parties regarding procedural fairness and compliance with statutory requirements.","Breach Of Contract Case 121 vs Respondent (Karnataka High Court, 2013)

Bench: Justice A. Kumar, Justice B. Mehta
Act(s) Involved: Indian Contract Act, 1872
Issue: Breach of contract

Facts: The dispute arises from allegations concerning breach of contract. The petitioner argued that their rights were violated, while the respondent maintained adherence to legal procedures.

Arguments: Both parties presented extensive submissions regarding the applicability of case precedents, statutory interpretation, and procedural safeguards.

Judgment: After reviewing precedents and statutory provisions under Indian Contract Act, 1872, the court held that the matter required careful interpretation of legal obligations. The court ruled in favor of the petitioner, citing principles of natural justice, proportionality, and due process.

Keywords: Breach of contract, Indian Contract Act, 1872, judgment, reasoning, legal interpretation, relief granted
"
CASE-2121,Eviction Notice Validity Case 122 vs Respondent,Supreme Court of India,2021,"Justice A. Kumar, Justice B. Mehta",Labour Industrial Disputes Act,Eviction notice validity,This case deals with Eviction notice validity. The court examined relevant provisions under Labour Industrial Disputes Act and evaluated arguments from both parties regarding procedural fairness and compliance with statutory requirements.,"Eviction Notice Validity Case 122 vs Respondent (Supreme Court of India, 2021)

Bench: Justice A. Kumar, Justice B. Mehta
Act(s) Involved: Labour Industrial Disputes Act
Issue: Eviction notice validity

Facts: The dispute arises from allegations concerning eviction notice validity. The petitioner argued that their rights were violated, while the respondent maintained adherence to legal procedures.

Arguments: Both parties presented extensive submissions regarding the applicability of case precedents, statutory interpretation, and procedural safeguards.

Judgment: After reviewing precedents and statutory provisions under Labour Industrial Disputes Act, the court held that the matter required careful interpretation of legal obligations. The court ruled in favor of the respondent, citing principles of natural justice, proportionality, and due process.

Keywords: Eviction notice validity, Labour Industrial Disputes Act, judgment, reasoning, legal interpretation, relief granted
"
CASE-2122,Eviction Notice Validity Case 123 vs Respondent,Bombay High Court,2013,"Justice A. Kumar, Justice B. Mehta","Indian Contract Act, 1872",Eviction notice validity,"This case deals with Eviction notice validity. The court examined relevant provisions under Indian Contract Act, 1872 and evaluated arguments from both parties regarding procedural fairness and compliance with statutory requirements.","Eviction Notice Validity Case 123 vs Respondent (Bombay High Court, 2013)

Bench: Justice A. Kumar, Justice B. Mehta
Act(s) Involved: Indian Contract Act, 1872
Issue: Eviction notice validity

Facts: The dispute arises from allegations concerning eviction notice validity. The petitioner argued that their rights were violated, while the respondent maintained adherence to legal procedures.

Arguments: Both parties presented extensive submissions regarding the applicability of case precedents, statutory interpretation, and procedural safeguards.

Judgment: After reviewing precedents and statutory provisions under Indian Contract Act, 1872, the court held that the matter required careful interpretation of legal obligations. The court ruled in favor of the petitioner, citing principles of natural justice, proportionality, and due process.

Keywords: Eviction notice validity, Indian Contract Act, 1872, judgment, reasoning, legal interpretation, relief granted
"
CASE-2123,Illegal Termination Case 124 vs Respondent,Madras High Court,1997,"Justice A. Kumar, Justice B. Mehta",Labour Industrial Disputes Act,Illegal termination,This case deals with Illegal termination. The court examined relevant provisions under Labour Industrial Disputes Act and evaluated arguments from both parties regarding procedural fairness and compliance with statutory requirements.,"Illegal Termination Case 124 vs Respondent (Madras High Court, 1997)

Bench: Justice A. Kumar, Justice B. Mehta
Act(s) Involved: Labour Industrial Disputes Act
Issue: Illegal termination

Facts: The dispute arises from allegations concerning illegal termination. The petitioner argued that their rights were violated, while the respondent maintained adherence to legal procedures.

Arguments: Both parties presented extensive submissions regarding the applicability of case precedents, statutory interpretation, and procedural safeguards.

Judgment: After reviewing precedents and statutory provisions under Labour Industrial Disputes Act, the court held that the matter required careful interpretation of legal obligations. The court ruled in favor of the respondent, citing principles of natural justice, proportionality, and due process.

Keywords: Illegal termination, Labour Industrial Disputes Act, judgment, reasoning, legal interpretation, relief granted
"
CASE-2124,Illegal Termination Case 125 vs Respondent,Bombay High Court,2000,"Justice A. Kumar, Justice B. Mehta",Labour Industrial Disputes Act,Illegal termination,This case deals with Illegal termination. The court examined relevant provisions under Labour Industrial Disputes Act and evaluated arguments from both parties regarding procedural fairness and compliance with statutory requirements.,"Illegal Termination Case 125 vs Respondent (Bombay High Court, 2000)

Bench: Justice A. Kumar, Justice B. Mehta
Act(s) Involved: Labour Industrial Disputes Act
Issue: Illegal termination

Facts: The dispute arises from allegations concerning illegal termination. The petitioner argued that their rights were violated, while the respondent maintained adherence to legal procedures.

Arguments: Both parties presented extensive submissions regarding the applicability of case precedents, statutory interpretation, and procedural safeguards.

Judgment: After reviewing precedents and statutory provisions under Labour Industrial Disputes Act, the court held that the matter required careful interpretation of legal obligations. The court ruled in favor of the petitioner, citing principles of natural justice, proportionality, and due process.

Keywords: Illegal termination, Labour Industrial Disputes Act, judgment, reasoning, legal interpretation, relief granted
"
CASE-2125,Negligence Liability Case 126 vs Respondent,Karnataka High Court,2017,"Justice A. Kumar, Justice B. Mehta",Labour Industrial Disputes Act,Negligence liability,This case deals with Negligence liability. The court examined relevant provisions under Labour Industrial Disputes Act and evaluated arguments from both parties regarding procedural fairness and compliance with statutory requirements.,"Negligence Liability Case 126 vs Respondent (Karnataka High Court, 2017)

Bench: Justice A. Kumar, Justice B. Mehta
Act(s) Involved: Labour Industrial Disputes Act
Issue: Negligence liability

Facts: The dispute arises from allegations concerning negligence liability. The petitioner argued that their rights were violated, while the respondent maintained adherence to legal procedures.

Arguments: Both parties presented extensive submissions regarding the applicability of case precedents, statutory interpretation, and procedural safeguards.

Judgment: After reviewing precedents and statutory provisions under Labour Industrial Disputes Act, the court held that the matter required careful interpretation of legal obligations. The court ruled in favor of the respondent, citing principles of natural justice, proportionality, and due process.

Keywords: Negligence liability, Labour Industrial Disputes Act, judgment, reasoning, legal interpretation, relief granted
"
CASE-2126,Negligence Liability Case 127 vs Respondent,Bombay High Court,2016,"Justice A. Kumar, Justice B. Mehta",Labour Industrial Disputes Act,Negligence liability,This case deals with Negligence liability. The court examined relevant provisions under Labour Industrial Disputes Act and evaluated arguments from both parties regarding procedural fairness and compliance with statutory requirements.,"Negligence Liability Case 127 vs Respondent (Bombay High Court, 2016)

Bench: Justice A. Kumar, Justice B. Mehta
Act(s) Involved: Labour Industrial Disputes Act
Issue: Negligence liability

Facts: The dispute arises from allegations concerning negligence liability. The petitioner argued that their rights were violated, while the respondent maintained adherence to legal procedures.

Arguments: Both parties presented extensive submissions regarding the applicability of case precedents, statutory interpretation, and procedural safeguards.

Judgment: After reviewing precedents and statutory provisions under Labour Industrial Disputes Act, the court held that the matter required careful interpretation of legal obligations. The court ruled in favor of the petitioner, citing principles of natural justice, proportionality, and due process.

Keywords: Negligence liability, Labour Industrial Disputes Act, judgment, reasoning, legal interpretation, relief granted
"
CASE-2127,Salary Dispute Case 128 vs Respondent,Bombay High Court,1995,"Justice A. Kumar, Justice B. Mehta",Labour Industrial Disputes Act,Salary dispute,This case deals with Salary dispute. The court examined relevant provisions under Labour Industrial Disputes Act and evaluated arguments from both parties regarding procedural fairness and compliance with statutory requirements.,"Salary Dispute Case 128 vs Respondent (Bombay High Court, 1995)

Bench: Justice A. Kumar, Justice B. Mehta
Act(s) Involved: Labour Industrial Disputes Act
Issue: Salary dispute

Facts: The dispute arises from allegations concerning salary dispute. The petitioner argued that their rights were violated, while the respondent maintained adherence to legal procedures.

Arguments: Both parties presented extensive submissions regarding the applicability of case precedents, statutory interpretation, and procedural safeguards.

Judgment: After reviewing precedents and statutory provisions under Labour Industrial Disputes Act, the court held that the matter required careful interpretation of legal obligations. The court ruled in favor of the respondent, citing principles of natural justice, proportionality, and due process.

Keywords: Salary dispute, Labour Industrial Disputes Act, judgment, reasoning, legal interpretation, relief granted
"
CASE-2128,Property Title Conflict Case 129 vs Respondent,Delhi High Court,1997,"Justice A. Kumar, Justice B. Mehta","Evidence Act, 1872",Property title conflict,"This case deals with Property title conflict. The court examined relevant provisions under Evidence Act, 1872 and evaluated arguments from both parties regarding procedural fairness and compliance with statutory requirements.","Property Title Conflict Case 129 vs Respondent (Delhi High Court, 1997)

Bench: Justice A. Kumar, Justice B. Mehta
Act(s) Involved: Evidence Act, 1872
Issue: Property title conflict

Facts: The dispute arises from allegations concerning property title conflict. The petitioner argued that their rights were violated, while the respondent maintained adherence to legal procedures.

Arguments: Both parties presented extensive submissions regarding the applicability of case precedents, statutory interpretation, and procedural safeguards.

Judgment: After reviewing precedents and statutory provisions under Evidence Act, 1872, the court held that the matter required careful interpretation of legal obligations. The court ruled in favor of the petitioner, citing principles of natural justice, proportionality, and due process.

Keywords: Property title conflict, Evidence Act, 1872, judgment, reasoning, legal interpretation, relief granted
"
CASE-2129,Salary Dispute Case 130 vs Respondent,Bombay High Court,2009,"Justice A. Kumar, Justice B. Mehta","Evidence Act, 1872",Salary dispute,"This case deals with Salary dispute. The court examined relevant provisions under Evidence Act, 1872 and evaluated arguments from both parties regarding procedural fairness and compliance with statutory requirements.","Salary Dispute Case 130 vs Respondent (Bombay High Court, 2009)

Bench: Justice A. Kumar, Justice B. Mehta
Act(s) Involved: Evidence Act, 1872
Issue: Salary dispute

Facts: The dispute arises from allegations concerning salary dispute. The petitioner argued that their rights were violated, while the respondent maintained adherence to legal procedures.

Arguments: Both parties presented extensive submissions regarding the applicability of case precedents, statutory interpretation, and procedural safeguards.

Judgment: After reviewing precedents and statutory provisions under Evidence Act, 1872, the court held that the matter required careful interpretation of legal obligations. The court ruled in favor of the respondent, citing principles of natural justice, proportionality, and due process.

Keywords: Salary dispute, Evidence Act, 1872, judgment, reasoning, legal interpretation, relief granted
"
CASE-2130,Bail Application Case 131 vs Respondent,Karnataka High Court,2008,"Justice A. Kumar, Justice B. Mehta","Indian Penal Code, 1860",Bail application,"This case deals with Bail application. The court examined relevant provisions under Indian Penal Code, 1860 and evaluated arguments from both parties regarding procedural fairness and compliance with statutory requirements.","Bail Application Case 131 vs Respondent (Karnataka High Court, 2008)

Bench: Justice A. Kumar, Justice B. Mehta
Act(s) Involved: Indian Penal Code, 1860
Issue: Bail application

Facts: The dispute arises from allegations concerning bail application. The petitioner argued that their rights were violated, while the respondent maintained adherence to legal procedures.

Arguments: Both parties presented extensive submissions regarding the applicability of case precedents, statutory interpretation, and procedural safeguards.

Judgment: After reviewing precedents and statutory provisions under Indian Penal Code, 1860, the court held that the matter required careful interpretation of legal obligations. The court ruled in favor of the petitioner, citing principles of natural justice, proportionality, and due process.

Keywords: Bail application, Indian Penal Code, 1860, judgment, reasoning, legal interpretation, relief granted
"
CASE-2131,Illegal Termination Case 132 vs Respondent,Karnataka High Court,2022,"Justice A. Kumar, Justice B. Mehta","Transfer of Property Act, 1882",Illegal termination,"This case deals with Illegal termination. The court examined relevant provisions under Transfer of Property Act, 1882 and evaluated arguments from both parties regarding procedural fairness and compliance with statutory requirements.","Illegal Termination Case 132 vs Respondent (Karnataka High Court, 2022)

Bench: Justice A. Kumar, Justice B. Mehta
Act(s) Involved: Transfer of Property Act, 1882
Issue: Illegal termination

Facts: The dispute arises from allegations concerning illegal termination. The petitioner argued that their rights were violated, while the respondent maintained adherence to legal procedures.

Arguments: Both parties presented extensive submissions regarding the applicability of case precedents, statutory interpretation, and procedural safeguards.

Judgment: After reviewing precedents and statutory provisions under Transfer of Property Act, 1882, the court held that the matter required careful interpretation of legal obligations. The court ruled in favor of the respondent, citing principles of natural justice, proportionality, and due process.

Keywords: Illegal termination, Transfer of Property Act, 1882, judgment, reasoning, legal interpretation, relief granted
"
CASE-2132,Illegal Termination Case 133 vs Respondent,Supreme Court of India,1998,"Justice A. Kumar, Justice B. Mehta","Code of Criminal Procedure, 1973",Illegal termination,"This case deals with Illegal termination. The court examined relevant provisions under Code of Criminal Procedure, 1973 and evaluated arguments from both parties regarding procedural fairness and compliance with statutory requirements.","Illegal Termination Case 133 vs Respondent (Supreme Court of India, 1998)

Bench: Justice A. Kumar, Justice B. Mehta
Act(s) Involved: Code of Criminal Procedure, 1973
Issue: Illegal termination

Facts: The dispute arises from allegations concerning illegal termination. The petitioner argued that their rights were violated, while the respondent maintained adherence to legal procedures.

Arguments: Both parties presented extensive submissions regarding the applicability of case precedents, statutory interpretation, and procedural safeguards.

Judgment: After reviewing precedents and statutory provisions under Code of Criminal Procedure, 1973, the court held that the matter required careful interpretation of legal obligations. The court ruled in favor of the petitioner, citing principles of natural justice, proportionality, and due process.

Keywords: Illegal termination, Code of Criminal Procedure, 1973, judgment, reasoning, legal interpretation, relief granted
"
CASE-2133,Illegal Termination Case 134 vs Respondent,Delhi High Court,2017,"Justice A. Kumar, Justice B. Mehta","Evidence Act, 1872",Illegal termination,"This case deals with Illegal termination. The court examined relevant provisions under Evidence Act, 1872 and evaluated arguments from both parties regarding procedural fairness and compliance with statutory requirements.","Illegal Termination Case 134 vs Respondent (Delhi High Court, 2017)

Bench: Justice A. Kumar, Justice B. Mehta
Act(s) Involved: Evidence Act, 1872
Issue: Illegal termination

Facts: The dispute arises from allegations concerning illegal termination. The petitioner argued that their rights were violated, while the respondent maintained adherence to legal procedures.

Arguments: Both parties presented extensive submissions regarding the applicability of case precedents, statutory interpretation, and procedural safeguards.

Judgment: After reviewing precedents and statutory provisions under Evidence Act, 1872, the court held that the matter required careful interpretation of legal obligations. The court ruled in favor of the respondent, citing principles of natural justice, proportionality, and due process.

Keywords: Illegal termination, Evidence Act, 1872, judgment, reasoning, legal interpretation, relief granted
"
CASE-2134,Eviction Notice Validity Case 135 vs Respondent,Bombay High Court,2000,"Justice A. Kumar, Justice B. Mehta","Code of Criminal Procedure, 1973",Eviction notice validity,"This case deals with Eviction notice validity. The court examined relevant provisions under Code of Criminal Procedure, 1973 and evaluated arguments from both parties regarding procedural fairness and compliance with statutory requirements.","Eviction Notice Validity Case 135 vs Respondent (Bombay High Court, 2000)

Bench: Justice A. Kumar, Justice B. Mehta
Act(s) Involved: Code of Criminal Procedure, 1973
Issue: Eviction notice validity

Facts: The dispute arises from allegations concerning eviction notice validity. The petitioner argued that their rights were violated, while the respondent maintained adherence to legal procedures.

Arguments: Both parties presented extensive submissions regarding the applicability of case precedents, statutory interpretation, and procedural safeguards.

Judgment: After reviewing precedents and statutory provisions under Code of Criminal Procedure, 1973, the court held that the matter required careful interpretation of legal obligations. The court ruled in favor of the petitioner, citing principles of natural justice, proportionality, and due process.

Keywords: Eviction notice validity, Code of Criminal Procedure, 1973, judgment, reasoning, legal interpretation, relief granted
"
CASE-2135,Negligence Liability Case 136 vs Respondent,Madras High Court,2000,"Justice A. Kumar, Justice B. Mehta","Code of Criminal Procedure, 1973",Negligence liability,"This case deals with Negligence liability. The court examined relevant provisions under Code of Criminal Procedure, 1973 and evaluated arguments from both parties regarding procedural fairness and compliance with statutory requirements.","Negligence Liability Case 136 vs Respondent (Madras High Court, 2000)

Bench: Justice A. Kumar, Justice B. Mehta
Act(s) Involved: Code of Criminal Procedure, 1973
Issue: Negligence liability

Facts: The dispute arises from allegations concerning negligence liability. The petitioner argued that their rights were violated, while the respondent maintained adherence to legal procedures.

Arguments: Both parties presented extensive submissions regarding the applicability of case precedents, statutory interpretation, and procedural safeguards.

Judgment: After reviewing precedents and statutory provisions under Code of Criminal Procedure, 1973, the court held that the matter required careful interpretation of legal obligations. The court ruled in favor of the respondent, citing principles of natural justice, proportionality, and due process.

Keywords: Negligence liability, Code of Criminal Procedure, 1973, judgment, reasoning, legal interpretation, relief granted
"
CASE-2136,Property Title Conflict Case 137 vs Respondent,Delhi High Court,2017,"Justice A. Kumar, Justice B. Mehta",Labour Industrial Disputes Act,Property title conflict,This case deals with Property title conflict. The court examined relevant provisions under Labour Industrial Disputes Act and evaluated arguments from both parties regarding procedural fairness and compliance with statutory requirements.,"Property Title Conflict Case 137 vs Respondent (Delhi High Court, 2017)

Bench: Justice A. Kumar, Justice B. Mehta
Act(s) Involved: Labour Industrial Disputes Act
Issue: Property title conflict

Facts: The dispute arises from allegations concerning property title conflict. The petitioner argued that their rights were violated, while the respondent maintained adherence to legal procedures.

Arguments: Both parties presented extensive submissions regarding the applicability of case precedents, statutory interpretation, and procedural safeguards.

Judgment: After reviewing precedents and statutory provisions under Labour Industrial Disputes Act, the court held that the matter required careful interpretation of legal obligations. The court ruled in favor of the petitioner, citing principles of natural justice, proportionality, and due process.

Keywords: Property title conflict, Labour Industrial Disputes Act, judgment, reasoning, legal interpretation, relief granted
"
CASE-2137,Salary Dispute Case 138 vs Respondent,Supreme Court of India,2001,"Justice A. Kumar, Justice B. Mehta","Evidence Act, 1872",Salary dispute,"This case deals with Salary dispute. The court examined relevant provisions under Evidence Act, 1872 and evaluated arguments from both parties regarding procedural fairness and compliance with statutory requirements.","Salary Dispute Case 138 vs Respondent (Supreme Court of India, 2001)

Bench: Justice A. Kumar, Justice B. Mehta
Act(s) Involved: Evidence Act, 1872
Issue: Salary dispute

Facts: The dispute arises from allegations concerning salary dispute. The petitioner argued that their rights were violated, while the respondent maintained adherence to legal procedures.

Arguments: Both parties presented extensive submissions regarding the applicability of case precedents, statutory interpretation, and procedural safeguards.

Judgment: After reviewing precedents and statutory provisions under Evidence Act, 1872, the court held that the matter required careful interpretation of legal obligations. The court ruled in favor of the respondent, citing principles of natural justice, proportionality, and due process.

Keywords: Salary dispute, Evidence Act, 1872, judgment, reasoning, legal interpretation, relief granted
"
CASE-2138,Salary Dispute Case 139 vs Respondent,Supreme Court of India,2003,"Justice A. Kumar, Justice B. Mehta","Code of Criminal Procedure, 1973",Salary dispute,"This case deals with Salary dispute. The court examined relevant provisions under Code of Criminal Procedure, 1973 and evaluated arguments from both parties regarding procedural fairness and compliance with statutory requirements.","Salary Dispute Case 139 vs Respondent (Supreme Court of India, 2003)

Bench: Justice A. Kumar, Justice B. Mehta
Act(s) Involved: Code of Criminal Procedure, 1973
Issue: Salary dispute

Facts: The dispute arises from allegations concerning salary dispute. The petitioner argued that their rights were violated, while the respondent maintained adherence to legal procedures.

Arguments: Both parties presented extensive submissions regarding the applicability of case precedents, statutory interpretation, and procedural safeguards.

Judgment: After reviewing precedents and statutory provisions under Code of Criminal Procedure, 1973, the court held that the matter required careful interpretation of legal obligations. The court ruled in favor of the petitioner, citing principles of natural justice, proportionality, and due process.

Keywords: Salary dispute, Code of Criminal Procedure, 1973, judgment, reasoning, legal interpretation, relief granted
"
CASE-2139,Negligence Liability Case 140 vs Respondent,Supreme Court of India,1998,"Justice A. Kumar, Justice B. Mehta",Labour Industrial Disputes Act,Negligence liability,This case deals with Negligence liability. The court examined relevant provisions under Labour Industrial Disputes Act and evaluated arguments from both parties regarding procedural fairness and compliance with statutory requirements.,"Negligence Liability Case 140 vs Respondent (Supreme Court of India, 1998)

Bench: Justice A. Kumar, Justice B. Mehta
Act(s) Involved: Labour Industrial Disputes Act
Issue: Negligence liability

Facts: The dispute arises from allegations concerning negligence liability. The petitioner argued that their rights were violated, while the respondent maintained adherence to legal procedures.

Arguments: Both parties presented extensive submissions regarding the applicability of case precedents, statutory interpretation, and procedural safeguards.

Judgment: After reviewing precedents and statutory provisions under Labour Industrial Disputes Act, the court held that the matter required careful interpretation of legal obligations. The court ruled in favor of the respondent, citing principles of natural justice, proportionality, and due process.

Keywords: Negligence liability, Labour Industrial Disputes Act, judgment, reasoning, legal interpretation, relief granted
"
CASE-2140,Bail Application Case 141 vs Respondent,Karnataka High Court,2012,"Justice A. Kumar, Justice B. Mehta","Evidence Act, 1872",Bail application,"This case deals with Bail application. The court examined relevant provisions under Evidence Act, 1872 and evaluated arguments from both parties regarding procedural fairness and compliance with statutory requirements.","Bail Application Case 141 vs Respondent (Karnataka High Court, 2012)

Bench: Justice A. Kumar, Justice B. Mehta
Act(s) Involved: Evidence Act, 1872
Issue: Bail application

Facts: The dispute arises from allegations concerning bail application. The petitioner argued that their rights were violated, while the respondent maintained adherence to legal procedures.

Arguments: Both parties presented extensive submissions regarding the applicability of case precedents, statutory interpretation, and procedural safeguards.

Judgment: After reviewing precedents and statutory provisions under Evidence Act, 1872, the court held that the matter required careful interpretation of legal obligations. The court ruled in favor of the petitioner, citing principles of natural justice, proportionality, and due process.

Keywords: Bail application, Evidence Act, 1872, judgment, reasoning, legal interpretation, relief granted
"
CASE-2141,Negligence Liability Case 142 vs Respondent,Bombay High Court,1996,"Justice A. Kumar, Justice B. Mehta","Evidence Act, 1872",Negligence liability,"This case deals with Negligence liability. The court examined relevant provisions under Evidence Act, 1872 and evaluated arguments from both parties regarding procedural fairness and compliance with statutory requirements.","Negligence Liability Case 142 vs Respondent (Bombay High Court, 1996)

Bench: Justice A. Kumar, Justice B. Mehta
Act(s) Involved: Evidence Act, 1872
Issue: Negligence liability

Facts: The dispute arises from allegations concerning negligence liability. The petitioner argued that their rights were violated, while the respondent maintained adherence to legal procedures.

Arguments: Both parties presented extensive submissions regarding the applicability of case precedents, statutory interpretation, and procedural safeguards.

Judgment: After reviewing precedents and statutory provisions under Evidence Act, 1872, the court held that the matter required careful interpretation of legal obligations. The court ruled in favor of the respondent, citing principles of natural justice, proportionality, and due process.

Keywords: Negligence liability, Evidence Act, 1872, judgment, reasoning, legal interpretation, relief granted
"
CASE-2142,Bail Application Case 143 vs Respondent,Bombay High Court,1997,"Justice A. Kumar, Justice B. Mehta","Indian Contract Act, 1872",Bail application,"This case deals with Bail application. The court examined relevant provisions under Indian Contract Act, 1872 and evaluated arguments from both parties regarding procedural fairness and compliance with statutory requirements.","Bail Application Case 143 vs Respondent (Bombay High Court, 1997)

Bench: Justice A. Kumar, Justice B. Mehta
Act(s) Involved: Indian Contract Act, 1872
Issue: Bail application

Facts: The dispute arises from allegations concerning bail application. The petitioner argued that their rights were violated, while the respondent maintained adherence to legal procedures.

Arguments: Both parties presented extensive submissions regarding the applicability of case precedents, statutory interpretation, and procedural safeguards.

Judgment: After reviewing precedents and statutory provisions under Indian Contract Act, 1872, the court held that the matter required careful interpretation of legal obligations. The court ruled in favor of the petitioner, citing principles of natural justice, proportionality, and due process.

Keywords: Bail application, Indian Contract Act, 1872, judgment, reasoning, legal interpretation, relief granted
"
CASE-2143,Property Title Conflict Case 144 vs Respondent,Madras High Court,2004,"Justice A. Kumar, Justice B. Mehta","Indian Contract Act, 1872",Property title conflict,"This case deals with Property title conflict. The court examined relevant provisions under Indian Contract Act, 1872 and evaluated arguments from both parties regarding procedural fairness and compliance with statutory requirements.","Property Title Conflict Case 144 vs Respondent (Madras High Court, 2004)

Bench: Justice A. Kumar, Justice B. Mehta
Act(s) Involved: Indian Contract Act, 1872
Issue: Property title conflict

Facts: The dispute arises from allegations concerning property title conflict. The petitioner argued that their rights were violated, while the respondent maintained adherence to legal procedures.

Arguments: Both parties presented extensive submissions regarding the applicability of case precedents, statutory interpretation, and procedural safeguards.

Judgment: After reviewing precedents and statutory provisions under Indian Contract Act, 1872, the court held that the matter required careful interpretation of legal obligations. The court ruled in favor of the respondent, citing principles of natural justice, proportionality, and due process.

Keywords: Property title conflict, Indian Contract Act, 1872, judgment, reasoning, legal interpretation, relief granted
"
CASE-2144,Salary Dispute Case 145 vs Respondent,Madras High Court,2020,"Justice A. Kumar, Justice B. Mehta","Code of Criminal Procedure, 1973",Salary dispute,"This case deals with Salary dispute. The court examined relevant provisions under Code of Criminal Procedure, 1973 and evaluated arguments from both parties regarding procedural fairness and compliance with statutory requirements.","Salary Dispute Case 145 vs Respondent (Madras High Court, 2020)

Bench: Justice A. Kumar, Justice B. Mehta
Act(s) Involved: Code of Criminal Procedure, 1973
Issue: Salary dispute

Facts: The dispute arises from allegations concerning salary dispute. The petitioner argued that their rights were violated, while the respondent maintained adherence to legal procedures.

Arguments: Both parties presented extensive submissions regarding the applicability of case precedents, statutory interpretation, and procedural safeguards.

Judgment: After reviewing precedents and statutory provisions under Code of Criminal Procedure, 1973, the court held that the matter required careful interpretation of legal obligations. The court ruled in favor of the petitioner, citing principles of natural justice, proportionality, and due process.

Keywords: Salary dispute, Code of Criminal Procedure, 1973, judgment, reasoning, legal interpretation, relief granted
"
CASE-2145,Salary Dispute Case 146 vs Respondent,Bombay High Court,2013,"Justice A. Kumar, Justice B. Mehta","Indian Contract Act, 1872",Salary dispute,"This case deals with Salary dispute. The court examined relevant provisions under Indian Contract Act, 1872 and evaluated arguments from both parties regarding procedural fairness and compliance with statutory requirements.","Salary Dispute Case 146 vs Respondent (Bombay High Court, 2013)

Bench: Justice A. Kumar, Justice B. Mehta
Act(s) Involved: Indian Contract Act, 1872
Issue: Salary dispute

Facts: The dispute arises from allegations concerning salary dispute. The petitioner argued that their rights were violated, while the respondent maintained adherence to legal procedures.

Arguments: Both parties presented extensive submissions regarding the applicability of case precedents, statutory interpretation, and procedural safeguards.

Judgment: After reviewing precedents and statutory provisions under Indian Contract Act, 1872, the court held that the matter required careful interpretation of legal obligations. The court ruled in favor of the respondent, citing principles of natural justice, proportionality, and due process.

Keywords: Salary dispute, Indian Contract Act, 1872, judgment, reasoning, legal interpretation, relief granted
"
CASE-2146,Bail Application Case 147 vs Respondent,Supreme Court of India,2020,"Justice A. Kumar, Justice B. Mehta","Evidence Act, 1872",Bail application,"This case deals with Bail application. The court examined relevant provisions under Evidence Act, 1872 and evaluated arguments from both parties regarding procedural fairness and compliance with statutory requirements.","Bail Application Case 147 vs Respondent (Supreme Court of India, 2020)

Bench: Justice A. Kumar, Justice B. Mehta
Act(s) Involved: Evidence Act, 1872
Issue: Bail application

Facts: The dispute arises from allegations concerning bail application. The petitioner argued that their rights were violated, while the respondent maintained adherence to legal procedures.

Arguments: Both parties presented extensive submissions regarding the applicability of case precedents, statutory interpretation, and procedural safeguards.

Judgment: After reviewing precedents and statutory provisions under Evidence Act, 1872, the court held that the matter required careful interpretation of legal obligations. The court ruled in favor of the petitioner, citing principles of natural justice, proportionality, and due process.

Keywords: Bail application, Evidence Act, 1872, judgment, reasoning, legal interpretation, relief granted
"
CASE-2147,Property Title Conflict Case 148 vs Respondent,Karnataka High Court,2004,"Justice A. Kumar, Justice B. Mehta","Evidence Act, 1872",Property title conflict,"This case deals with Property title conflict. The court examined relevant provisions under Evidence Act, 1872 and evaluated arguments from both parties regarding procedural fairness and compliance with statutory requirements.","Property Title Conflict Case 148 vs Respondent (Karnataka High Court, 2004)

Bench: Justice A. Kumar, Justice B. Mehta
Act(s) Involved: Evidence Act, 1872
Issue: Property title conflict

Facts: The dispute arises from allegations concerning property title conflict. The petitioner argued that their rights were violated, while the respondent maintained adherence to legal procedures.

Arguments: Both parties presented extensive submissions regarding the applicability of case precedents, statutory interpretation, and procedural safeguards.

Judgment: After reviewing precedents and statutory provisions under Evidence Act, 1872, the court held that the matter required careful interpretation of legal obligations. The court ruled in favor of the respondent, citing principles of natural justice, proportionality, and due process.

Keywords: Property title conflict, Evidence Act, 1872, judgment, reasoning, legal interpretation, relief granted
"
CASE-2148,Fraud Allegations Case 149 vs Respondent,Delhi High Court,2002,"Justice A. Kumar, Justice B. Mehta",Rent Control Act,Fraud allegations,This case deals with Fraud allegations. The court examined relevant provisions under Rent Control Act and evaluated arguments from both parties regarding procedural fairness and compliance with statutory requirements.,"Fraud Allegations Case 149 vs Respondent (Delhi High Court, 2002)

Bench: Justice A. Kumar, Justice B. Mehta
Act(s) Involved: Rent Control Act
Issue: Fraud allegations

Facts: The dispute arises from allegations concerning fraud allegations. The petitioner argued that their rights were violated, while the respondent maintained adherence to legal procedures.

Arguments: Both parties presented extensive submissions regarding the applicability of case precedents, statutory interpretation, and procedural safeguards.

Judgment: After reviewing precedents and statutory provisions under Rent Control Act, the court held that the matter required careful interpretation of legal obligations. The court ruled in favor of the petitioner, citing principles of natural justice, proportionality, and due process.

Keywords: Fraud allegations, Rent Control Act, judgment, reasoning, legal interpretation, relief granted
"
CASE-2149,Breach Of Contract Case 150 vs Respondent,Bombay High Court,2022,"Justice A. Kumar, Justice B. Mehta","Evidence Act, 1872",Breach of contract,"This case deals with Breach of contract. The court examined relevant provisions under Evidence Act, 1872 and evaluated arguments from both parties regarding procedural fairness and compliance with statutory requirements.","Breach Of Contract Case 150 vs Respondent (Bombay High Court, 2022)

Bench: Justice A. Kumar, Justice B. Mehta
Act(s) Involved: Evidence Act, 1872
Issue: Breach of contract

Facts: The dispute arises from allegations concerning breach of contract. The petitioner argued that their rights were violated, while the respondent maintained adherence to legal procedures.

Arguments: Both parties presented extensive submissions regarding the applicability of case precedents, statutory interpretation, and procedural safeguards.

Judgment: After reviewing precedents and statutory provisions under Evidence Act, 1872, the court held that the matter required careful interpretation of legal obligations. The court ruled in favor of the respondent, citing principles of natural justice, proportionality, and due process.

Keywords: Breach of contract, Evidence Act, 1872, judgment, reasoning, legal interpretation, relief granted
"
CASE-2150,Eviction Notice Validity Case 151 vs Respondent,Delhi High Court,2006,"Justice A. Kumar, Justice B. Mehta","Indian Contract Act, 1872",Eviction notice validity,"This case deals with Eviction notice validity. The court examined relevant provisions under Indian Contract Act, 1872 and evaluated arguments from both parties regarding procedural fairness and compliance with statutory requirements.","Eviction Notice Validity Case 151 vs Respondent (Delhi High Court, 2006)

Bench: Justice A. Kumar, Justice B. Mehta
Act(s) Involved: Indian Contract Act, 1872
Issue: Eviction notice validity

Facts: The dispute arises from allegations concerning eviction notice validity. The petitioner argued that their rights were violated, while the respondent maintained adherence to legal procedures.

Arguments: Both parties presented extensive submissions regarding the applicability of case precedents, statutory interpretation, and procedural safeguards.

Judgment: After reviewing precedents and statutory provisions under Indian Contract Act, 1872, the court held that the matter required careful interpretation of legal obligations. The court ruled in favor of the petitioner, citing principles of natural justice, proportionality, and due process.

Keywords: Eviction notice validity, Indian Contract Act, 1872, judgment, reasoning, legal interpretation, relief granted
"
CASE-2151,Property Title Conflict Case 152 vs Respondent,Madras High Court,2000,"Justice A. Kumar, Justice B. Mehta","Code of Criminal Procedure, 1973",Property title conflict,"This case deals with Property title conflict. The court examined relevant provisions under Code of Criminal Procedure, 1973 and evaluated arguments from both parties regarding procedural fairness and compliance with statutory requirements.","Property Title Conflict Case 152 vs Respondent (Madras High Court, 2000)

Bench: Justice A. Kumar, Justice B. Mehta
Act(s) Involved: Code of Criminal Procedure, 1973
Issue: Property title conflict

Facts: The dispute arises from allegations concerning property title conflict. The petitioner argued that their rights were violated, while the respondent maintained adherence to legal procedures.

Arguments: Both parties presented extensive submissions regarding the applicability of case precedents, statutory interpretation, and procedural safeguards.

Judgment: After reviewing precedents and statutory provisions under Code of Criminal Procedure, 1973, the court held that the matter required careful interpretation of legal obligations. The court ruled in favor of the respondent, citing principles of natural justice, proportionality, and due process.

Keywords: Property title conflict, Code of Criminal Procedure, 1973, judgment, reasoning, legal interpretation, relief granted
"
CASE-2152,Fraud Allegations Case 153 vs Respondent,Supreme Court of India,2003,"Justice A. Kumar, Justice B. Mehta",Rent Control Act,Fraud allegations,This case deals with Fraud allegations. The court examined relevant provisions under Rent Control Act and evaluated arguments from both parties regarding procedural fairness and compliance with statutory requirements.,"Fraud Allegations Case 153 vs Respondent (Supreme Court of India, 2003)

Bench: Justice A. Kumar, Justice B. Mehta
Act(s) Involved: Rent Control Act
Issue: Fraud allegations

Facts: The dispute arises from allegations concerning fraud allegations. The petitioner argued that their rights were violated, while the respondent maintained adherence to legal procedures.

Arguments: Both parties presented extensive submissions regarding the applicability of case precedents, statutory interpretation, and procedural safeguards.

Judgment: After reviewing precedents and statutory provisions under Rent Control Act, the court held that the matter required careful interpretation of legal obligations. The court ruled in favor of the petitioner, citing principles of natural justice, proportionality, and due process.

Keywords: Fraud allegations, Rent Control Act, judgment, reasoning, legal interpretation, relief granted
"
CASE-2153,Negligence Liability Case 154 vs Respondent,Delhi High Court,2013,"Justice A. Kumar, Justice B. Mehta","Code of Criminal Procedure, 1973",Negligence liability,"This case deals with Negligence liability. The court examined relevant provisions under Code of Criminal Procedure, 1973 and evaluated arguments from both parties regarding procedural fairness and compliance with statutory requirements.","Negligence Liability Case 154 vs Respondent (Delhi High Court, 2013)

Bench: Justice A. Kumar, Justice B. Mehta
Act(s) Involved: Code of Criminal Procedure, 1973
Issue: Negligence liability

Facts: The dispute arises from allegations concerning negligence liability. The petitioner argued that their rights were violated, while the respondent maintained adherence to legal procedures.

Arguments: Both parties presented extensive submissions regarding the applicability of case precedents, statutory interpretation, and procedural safeguards.

Judgment: After reviewing precedents and statutory provisions under Code of Criminal Procedure, 1973, the court held that the matter required careful interpretation of legal obligations. The court ruled in favor of the respondent, citing principles of natural justice, proportionality, and due process.

Keywords: Negligence liability, Code of Criminal Procedure, 1973, judgment, reasoning, legal interpretation, relief granted
"
CASE-2154,Illegal Termination Case 155 vs Respondent,Supreme Court of India,2009,"Justice A. Kumar, Justice B. Mehta","Indian Penal Code, 1860",Illegal termination,"This case deals with Illegal termination. The court examined relevant provisions under Indian Penal Code, 1860 and evaluated arguments from both parties regarding procedural fairness and compliance with statutory requirements.","Illegal Termination Case 155 vs Respondent (Supreme Court of India, 2009)

Bench: Justice A. Kumar, Justice B. Mehta
Act(s) Involved: Indian Penal Code, 1860
Issue: Illegal termination

Facts: The dispute arises from allegations concerning illegal termination. The petitioner argued that their rights were violated, while the respondent maintained adherence to legal procedures.

Arguments: Both parties presented extensive submissions regarding the applicability of case precedents, statutory interpretation, and procedural safeguards.

Judgment: After reviewing precedents and statutory provisions under Indian Penal Code, 1860, the court held that the matter required careful interpretation of legal obligations. The court ruled in favor of the petitioner, citing principles of natural justice, proportionality, and due process.

Keywords: Illegal termination, Indian Penal Code, 1860, judgment, reasoning, legal interpretation, relief granted
"
CASE-2155,Breach Of Contract Case 156 vs Respondent,Delhi High Court,2013,"Justice A. Kumar, Justice B. Mehta","Evidence Act, 1872",Breach of contract,"This case deals with Breach of contract. The court examined relevant provisions under Evidence Act, 1872 and evaluated arguments from both parties regarding procedural fairness and compliance with statutory requirements.","Breach Of Contract Case 156 vs Respondent (Delhi High Court, 2013)

Bench: Justice A. Kumar, Justice B. Mehta
Act(s) Involved: Evidence Act, 1872
Issue: Breach of contract

Facts: The dispute arises from allegations concerning breach of contract. The petitioner argued that their rights were violated, while the respondent maintained adherence to legal procedures.

Arguments: Both parties presented extensive submissions regarding the applicability of case precedents, statutory interpretation, and procedural safeguards.

Judgment: After reviewing precedents and statutory provisions under Evidence Act, 1872, the court held that the matter required careful interpretation of legal obligations. The court ruled in favor of the respondent, citing principles of natural justice, proportionality, and due process.

Keywords: Breach of contract, Evidence Act, 1872, judgment, reasoning, legal interpretation, relief granted
"
CASE-2156,Fraud Allegations Case 157 vs Respondent,Supreme Court of India,2003,"Justice A. Kumar, Justice B. Mehta",Labour Industrial Disputes Act,Fraud allegations,This case deals with Fraud allegations. The court examined relevant provisions under Labour Industrial Disputes Act and evaluated arguments from both parties regarding procedural fairness and compliance with statutory requirements.,"Fraud Allegations Case 157 vs Respondent (Supreme Court of India, 2003)

Bench: Justice A. Kumar, Justice B. Mehta
Act(s) Involved: Labour Industrial Disputes Act
Issue: Fraud allegations

Facts: The dispute arises from allegations concerning fraud allegations. The petitioner argued that their rights were violated, while the respondent maintained adherence to legal procedures.

Arguments: Both parties presented extensive submissions regarding the applicability of case precedents, statutory interpretation, and procedural safeguards.

Judgment: After reviewing precedents and statutory provisions under Labour Industrial Disputes Act, the court held that the matter required careful interpretation of legal obligations. The court ruled in favor of the petitioner, citing principles of natural justice, proportionality, and due process.

Keywords: Fraud allegations, Labour Industrial Disputes Act, judgment, reasoning, legal interpretation, relief granted
"
CASE-2157,Bail Application Case 158 vs Respondent,Delhi High Court,1995,"Justice A. Kumar, Justice B. Mehta",Rent Control Act,Bail application,This case deals with Bail application. The court examined relevant provisions under Rent Control Act and evaluated arguments from both parties regarding procedural fairness and compliance with statutory requirements.,"Bail Application Case 158 vs Respondent (Delhi High Court, 1995)

Bench: Justice A. Kumar, Justice B. Mehta
Act(s) Involved: Rent Control Act
Issue: Bail application

Facts: The dispute arises from allegations concerning bail application. The petitioner argued that their rights were violated, while the respondent maintained adherence to legal procedures.

Arguments: Both parties presented extensive submissions regarding the applicability of case precedents, statutory interpretation, and procedural safeguards.

Judgment: After reviewing precedents and statutory provisions under Rent Control Act, the court held that the matter required careful interpretation of legal obligations. The court ruled in favor of the respondent, citing principles of natural justice, proportionality, and due process.

Keywords: Bail application, Rent Control Act, judgment, reasoning, legal interpretation, relief granted
"
CASE-2158,Salary Dispute Case 159 vs Respondent,Karnataka High Court,2015,"Justice A. Kumar, Justice B. Mehta",Labour Industrial Disputes Act,Salary dispute,This case deals with Salary dispute. The court examined relevant provisions under Labour Industrial Disputes Act and evaluated arguments from both parties regarding procedural fairness and compliance with statutory requirements.,"Salary Dispute Case 159 vs Respondent (Karnataka High Court, 2015)

Bench: Justice A. Kumar, Justice B. Mehta
Act(s) Involved: Labour Industrial Disputes Act
Issue: Salary dispute

Facts: The dispute arises from allegations concerning salary dispute. The petitioner argued that their rights were violated, while the respondent maintained adherence to legal procedures.

Arguments: Both parties presented extensive submissions regarding the applicability of case precedents, statutory interpretation, and procedural safeguards.

Judgment: After reviewing precedents and statutory provisions under Labour Industrial Disputes Act, the court held that the matter required careful interpretation of legal obligations. The court ruled in favor of the petitioner, citing principles of natural justice, proportionality, and due process.

Keywords: Salary dispute, Labour Industrial Disputes Act, judgment, reasoning, legal interpretation, relief granted
"
CASE-2159,Property Title Conflict Case 160 vs Respondent,Madras High Court,2004,"Justice A. Kumar, Justice B. Mehta","Indian Contract Act, 1872",Property title conflict,"This case deals with Property title conflict. The court examined relevant provisions under Indian Contract Act, 1872 and evaluated arguments from both parties regarding procedural fairness and compliance with statutory requirements.","Property Title Conflict Case 160 vs Respondent (Madras High Court, 2004)

Bench: Justice A. Kumar, Justice B. Mehta
Act(s) Involved: Indian Contract Act, 1872
Issue: Property title conflict

Facts: The dispute arises from allegations concerning property title conflict. The petitioner argued that their rights were violated, while the respondent maintained adherence to legal procedures.

Arguments: Both parties presented extensive submissions regarding the applicability of case precedents, statutory interpretation, and procedural safeguards.

Judgment: After reviewing precedents and statutory provisions under Indian Contract Act, 1872, the court held that the matter required careful interpretation of legal obligations. The court ruled in favor of the respondent, citing principles of natural justice, proportionality, and due process.

Keywords: Property title conflict, Indian Contract Act, 1872, judgment, reasoning, legal interpretation, relief granted
"
CASE-2160,Fraud Allegations Case 161 vs Respondent,Madras High Court,2001,"Justice A. Kumar, Justice B. Mehta","Transfer of Property Act, 1882",Fraud allegations,"This case deals with Fraud allegations. The court examined relevant provisions under Transfer of Property Act, 1882 and evaluated arguments from both parties regarding procedural fairness and compliance with statutory requirements.","Fraud Allegations Case 161 vs Respondent (Madras High Court, 2001)

Bench: Justice A. Kumar, Justice B. Mehta
Act(s) Involved: Transfer of Property Act, 1882
Issue: Fraud allegations

Facts: The dispute arises from allegations concerning fraud allegations. The petitioner argued that their rights were violated, while the respondent maintained adherence to legal procedures.

Arguments: Both parties presented extensive submissions regarding the applicability of case precedents, statutory interpretation, and procedural safeguards.

Judgment: After reviewing precedents and statutory provisions under Transfer of Property Act, 1882, the court held that the matter required careful interpretation of legal obligations. The court ruled in favor of the petitioner, citing principles of natural justice, proportionality, and due process.

Keywords: Fraud allegations, Transfer of Property Act, 1882, judgment, reasoning, legal interpretation, relief granted
"
CASE-2161,Bail Application Case 162 vs Respondent,Bombay High Court,2018,"Justice A. Kumar, Justice B. Mehta","Evidence Act, 1872",Bail application,"This case deals with Bail application. The court examined relevant provisions under Evidence Act, 1872 and evaluated arguments from both parties regarding procedural fairness and compliance with statutory requirements.","Bail Application Case 162 vs Respondent (Bombay High Court, 2018)

Bench: Justice A. Kumar, Justice B. Mehta
Act(s) Involved: Evidence Act, 1872
Issue: Bail application

Facts: The dispute arises from allegations concerning bail application. The petitioner argued that their rights were violated, while the respondent maintained adherence to legal procedures.

Arguments: Both parties presented extensive submissions regarding the applicability of case precedents, statutory interpretation, and procedural safeguards.

Judgment: After reviewing precedents and statutory provisions under Evidence Act, 1872, the court held that the matter required careful interpretation of legal obligations. The court ruled in favor of the respondent, citing principles of natural justice, proportionality, and due process.

Keywords: Bail application, Evidence Act, 1872, judgment, reasoning, legal interpretation, relief granted
"
CASE-2162,Negligence Liability Case 163 vs Respondent,Karnataka High Court,2023,"Justice A. Kumar, Justice B. Mehta","Evidence Act, 1872",Negligence liability,"This case deals with Negligence liability. The court examined relevant provisions under Evidence Act, 1872 and evaluated arguments from both parties regarding procedural fairness and compliance with statutory requirements.","Negligence Liability Case 163 vs Respondent (Karnataka High Court, 2023)

Bench: Justice A. Kumar, Justice B. Mehta
Act(s) Involved: Evidence Act, 1872
Issue: Negligence liability

Facts: The dispute arises from allegations concerning negligence liability. The petitioner argued that their rights were violated, while the respondent maintained adherence to legal procedures.

Arguments: Both parties presented extensive submissions regarding the applicability of case precedents, statutory interpretation, and procedural safeguards.

Judgment: After reviewing precedents and statutory provisions under Evidence Act, 1872, the court held that the matter required careful interpretation of legal obligations. The court ruled in favor of the petitioner, citing principles of natural justice, proportionality, and due process.

Keywords: Negligence liability, Evidence Act, 1872, judgment, reasoning, legal interpretation, relief granted
"
CASE-2163,Bail Application Case 164 vs Respondent,Delhi High Court,1999,"Justice A. Kumar, Justice B. Mehta","Evidence Act, 1872",Bail application,"This case deals with Bail application. The court examined relevant provisions under Evidence Act, 1872 and evaluated arguments from both parties regarding procedural fairness and compliance with statutory requirements.","Bail Application Case 164 vs Respondent (Delhi High Court, 1999)

Bench: Justice A. Kumar, Justice B. Mehta
Act(s) Involved: Evidence Act, 1872
Issue: Bail application

Facts: The dispute arises from allegations concerning bail application. The petitioner argued that their rights were violated, while the respondent maintained adherence to legal procedures.

Arguments: Both parties presented extensive submissions regarding the applicability of case precedents, statutory interpretation, and procedural safeguards.

Judgment: After reviewing precedents and statutory provisions under Evidence Act, 1872, the court held that the matter required careful interpretation of legal obligations. The court ruled in favor of the respondent, citing principles of natural justice, proportionality, and due process.

Keywords: Bail application, Evidence Act, 1872, judgment, reasoning, legal interpretation, relief granted
"
CASE-2164,Eviction Notice Validity Case 165 vs Respondent,Supreme Court of India,1998,"Justice A. Kumar, Justice B. Mehta",Rent Control Act,Eviction notice validity,This case deals with Eviction notice validity. The court examined relevant provisions under Rent Control Act and evaluated arguments from both parties regarding procedural fairness and compliance with statutory requirements.,"Eviction Notice Validity Case 165 vs Respondent (Supreme Court of India, 1998)

Bench: Justice A. Kumar, Justice B. Mehta
Act(s) Involved: Rent Control Act
Issue: Eviction notice validity

Facts: The dispute arises from allegations concerning eviction notice validity. The petitioner argued that their rights were violated, while the respondent maintained adherence to legal procedures.

Arguments: Both parties presented extensive submissions regarding the applicability of case precedents, statutory interpretation, and procedural safeguards.

Judgment: After reviewing precedents and statutory provisions under Rent Control Act, the court held that the matter required careful interpretation of legal obligations. The court ruled in favor of the petitioner, citing principles of natural justice, proportionality, and due process.

Keywords: Eviction notice validity, Rent Control Act, judgment, reasoning, legal interpretation, relief granted
"
CASE-2165,Fraud Allegations Case 166 vs Respondent,Delhi High Court,2002,"Justice A. Kumar, Justice B. Mehta","Indian Penal Code, 1860",Fraud allegations,"This case deals with Fraud allegations. The court examined relevant provisions under Indian Penal Code, 1860 and evaluated arguments from both parties regarding procedural fairness and compliance with statutory requirements.","Fraud Allegations Case 166 vs Respondent (Delhi High Court, 2002)

Bench: Justice A. Kumar, Justice B. Mehta
Act(s) Involved: Indian Penal Code, 1860
Issue: Fraud allegations

Facts: The dispute arises from allegations concerning fraud allegations. The petitioner argued that their rights were violated, while the respondent maintained adherence to legal procedures.

Arguments: Both parties presented extensive submissions regarding the applicability of case precedents, statutory interpretation, and procedural safeguards.

Judgment: After reviewing precedents and statutory provisions under Indian Penal Code, 1860, the court held that the matter required careful interpretation of legal obligations. The court ruled in favor of the respondent, citing principles of natural justice, proportionality, and due process.

Keywords: Fraud allegations, Indian Penal Code, 1860, judgment, reasoning, legal interpretation, relief granted
"
CASE-2166,Illegal Termination Case 167 vs Respondent,Bombay High Court,1998,"Justice A. Kumar, Justice B. Mehta","Indian Penal Code, 1860",Illegal termination,"This case deals with Illegal termination. The court examined relevant provisions under Indian Penal Code, 1860 and evaluated arguments from both parties regarding procedural fairness and compliance with statutory requirements.","Illegal Termination Case 167 vs Respondent (Bombay High Court, 1998)

Bench: Justice A. Kumar, Justice B. Mehta
Act(s) Involved: Indian Penal Code, 1860
Issue: Illegal termination

Facts: The dispute arises from allegations concerning illegal termination. The petitioner argued that their rights were violated, while the respondent maintained adherence to legal procedures.

Arguments: Both parties presented extensive submissions regarding the applicability of case precedents, statutory interpretation, and procedural safeguards.

Judgment: After reviewing precedents and statutory provisions under Indian Penal Code, 1860, the court held that the matter required careful interpretation of legal obligations. The court ruled in favor of the petitioner, citing principles of natural justice, proportionality, and due process.

Keywords: Illegal termination, Indian Penal Code, 1860, judgment, reasoning, legal interpretation, relief granted
"
CASE-2167,Fraud Allegations Case 168 vs Respondent,Madras High Court,2019,"Justice A. Kumar, Justice B. Mehta","Code of Criminal Procedure, 1973",Fraud allegations,"This case deals with Fraud allegations. The court examined relevant provisions under Code of Criminal Procedure, 1973 and evaluated arguments from both parties regarding procedural fairness and compliance with statutory requirements.","Fraud Allegations Case 168 vs Respondent (Madras High Court, 2019)

Bench: Justice A. Kumar, Justice B. Mehta
Act(s) Involved: Code of Criminal Procedure, 1973
Issue: Fraud allegations

Facts: The dispute arises from allegations concerning fraud allegations. The petitioner argued that their rights were violated, while the respondent maintained adherence to legal procedures.

Arguments: Both parties presented extensive submissions regarding the applicability of case precedents, statutory interpretation, and procedural safeguards.

Judgment: After reviewing precedents and statutory provisions under Code of Criminal Procedure, 1973, the court held that the matter required careful interpretation of legal obligations. The court ruled in favor of the respondent, citing principles of natural justice, proportionality, and due process.

Keywords: Fraud allegations, Code of Criminal Procedure, 1973, judgment, reasoning, legal interpretation, relief granted
"
CASE-2168,Illegal Termination Case 169 vs Respondent,Delhi High Court,2001,"Justice A. Kumar, Justice B. Mehta",Rent Control Act,Illegal termination,This case deals with Illegal termination. The court examined relevant provisions under Rent Control Act and evaluated arguments from both parties regarding procedural fairness and compliance with statutory requirements.,"Illegal Termination Case 169 vs Respondent (Delhi High Court, 2001)

Bench: Justice A. Kumar, Justice B. Mehta
Act(s) Involved: Rent Control Act
Issue: Illegal termination

Facts: The dispute arises from allegations concerning illegal termination. The petitioner argued that their rights were violated, while the respondent maintained adherence to legal procedures.

Arguments: Both parties presented extensive submissions regarding the applicability of case precedents, statutory interpretation, and procedural safeguards.

Judgment: After reviewing precedents and statutory provisions under Rent Control Act, the court held that the matter required careful interpretation of legal obligations. The court ruled in favor of the petitioner, citing principles of natural justice, proportionality, and due process.

Keywords: Illegal termination, Rent Control Act, judgment, reasoning, legal interpretation, relief granted
"
CASE-2169,Eviction Notice Validity Case 170 vs Respondent,Supreme Court of India,2002,"Justice A. Kumar, Justice B. Mehta","Code of Criminal Procedure, 1973",Eviction notice validity,"This case deals with Eviction notice validity. The court examined relevant provisions under Code of Criminal Procedure, 1973 and evaluated arguments from both parties regarding procedural fairness and compliance with statutory requirements.","Eviction Notice Validity Case 170 vs Respondent (Supreme Court of India, 2002)

Bench: Justice A. Kumar, Justice B. Mehta
Act(s) Involved: Code of Criminal Procedure, 1973
Issue: Eviction notice validity

Facts: The dispute arises from allegations concerning eviction notice validity. The petitioner argued that their rights were violated, while the respondent maintained adherence to legal procedures.

Arguments: Both parties presented extensive submissions regarding the applicability of case precedents, statutory interpretation, and procedural safeguards.

Judgment: After reviewing precedents and statutory provisions under Code of Criminal Procedure, 1973, the court held that the matter required careful interpretation of legal obligations. The court ruled in favor of the respondent, citing principles of natural justice, proportionality, and due process.

Keywords: Eviction notice validity, Code of Criminal Procedure, 1973, judgment, reasoning, legal interpretation, relief granted
"
CASE-2170,Breach Of Contract Case 171 vs Respondent,Karnataka High Court,2024,"Justice A. Kumar, Justice B. Mehta","Transfer of Property Act, 1882",Breach of contract,"This case deals with Breach of contract. The court examined relevant provisions under Transfer of Property Act, 1882 and evaluated arguments from both parties regarding procedural fairness and compliance with statutory requirements.","Breach Of Contract Case 171 vs Respondent (Karnataka High Court, 2024)

Bench: Justice A. Kumar, Justice B. Mehta
Act(s) Involved: Transfer of Property Act, 1882
Issue: Breach of contract

Facts: The dispute arises from allegations concerning breach of contract. The petitioner argued that their rights were violated, while the respondent maintained adherence to legal procedures.

Arguments: Both parties presented extensive submissions regarding the applicability of case precedents, statutory interpretation, and procedural safeguards.

Judgment: After reviewing precedents and statutory provisions under Transfer of Property Act, 1882, the court held that the matter required careful interpretation of legal obligations. The court ruled in favor of the petitioner, citing principles of natural justice, proportionality, and due process.

Keywords: Breach of contract, Transfer of Property Act, 1882, judgment, reasoning, legal interpretation, relief granted
"
CASE-2171,Illegal Termination Case 172 vs Respondent,Bombay High Court,2001,"Justice A. Kumar, Justice B. Mehta","Indian Contract Act, 1872",Illegal termination,"This case deals with Illegal termination. The court examined relevant provisions under Indian Contract Act, 1872 and evaluated arguments from both parties regarding procedural fairness and compliance with statutory requirements.","Illegal Termination Case 172 vs Respondent (Bombay High Court, 2001)

Bench: Justice A. Kumar, Justice B. Mehta
Act(s) Involved: Indian Contract Act, 1872
Issue: Illegal termination

Facts: The dispute arises from allegations concerning illegal termination. The petitioner argued that their rights were violated, while the respondent maintained adherence to legal procedures.

Arguments: Both parties presented extensive submissions regarding the applicability of case precedents, statutory interpretation, and procedural safeguards.

Judgment: After reviewing precedents and statutory provisions under Indian Contract Act, 1872, the court held that the matter required careful interpretation of legal obligations. The court ruled in favor of the respondent, citing principles of natural justice, proportionality, and due process.

Keywords: Illegal termination, Indian Contract Act, 1872, judgment, reasoning, legal interpretation, relief granted
"
CASE-2172,Illegal Termination Case 173 vs Respondent,Delhi High Court,2017,"Justice A. Kumar, Justice B. Mehta","Evidence Act, 1872",Illegal termination,"This case deals with Illegal termination. The court examined relevant provisions under Evidence Act, 1872 and evaluated arguments from both parties regarding procedural fairness and compliance with statutory requirements.","Illegal Termination Case 173 vs Respondent (Delhi High Court, 2017)

Bench: Justice A. Kumar, Justice B. Mehta
Act(s) Involved: Evidence Act, 1872
Issue: Illegal termination

Facts: The dispute arises from allegations concerning illegal termination. The petitioner argued that their rights were violated, while the respondent maintained adherence to legal procedures.

Arguments: Both parties presented extensive submissions regarding the applicability of case precedents, statutory interpretation, and procedural safeguards.

Judgment: After reviewing precedents and statutory provisions under Evidence Act, 1872, the court held that the matter required careful interpretation of legal obligations. The court ruled in favor of the petitioner, citing principles of natural justice, proportionality, and due process.

Keywords: Illegal termination, Evidence Act, 1872, judgment, reasoning, legal interpretation, relief granted
"
CASE-2173,Bail Application Case 174 vs Respondent,Bombay High Court,2006,"Justice A. Kumar, Justice B. Mehta","Code of Criminal Procedure, 1973",Bail application,"This case deals with Bail application. The court examined relevant provisions under Code of Criminal Procedure, 1973 and evaluated arguments from both parties regarding procedural fairness and compliance with statutory requirements.","Bail Application Case 174 vs Respondent (Bombay High Court, 2006)

Bench: Justice A. Kumar, Justice B. Mehta
Act(s) Involved: Code of Criminal Procedure, 1973
Issue: Bail application

Facts: The dispute arises from allegations concerning bail application. The petitioner argued that their rights were violated, while the respondent maintained adherence to legal procedures.

Arguments: Both parties presented extensive submissions regarding the applicability of case precedents, statutory interpretation, and procedural safeguards.

Judgment: After reviewing precedents and statutory provisions under Code of Criminal Procedure, 1973, the court held that the matter required careful interpretation of legal obligations. The court ruled in favor of the respondent, citing principles of natural justice, proportionality, and due process.

Keywords: Bail application, Code of Criminal Procedure, 1973, judgment, reasoning, legal interpretation, relief granted
"
CASE-2174,Salary Dispute Case 175 vs Respondent,Karnataka High Court,2022,"Justice A. Kumar, Justice B. Mehta","Indian Penal Code, 1860",Salary dispute,"This case deals with Salary dispute. The court examined relevant provisions under Indian Penal Code, 1860 and evaluated arguments from both parties regarding procedural fairness and compliance with statutory requirements.","Salary Dispute Case 175 vs Respondent (Karnataka High Court, 2022)

Bench: Justice A. Kumar, Justice B. Mehta
Act(s) Involved: Indian Penal Code, 1860
Issue: Salary dispute

Facts: The dispute arises from allegations concerning salary dispute. The petitioner argued that their rights were violated, while the respondent maintained adherence to legal procedures.

Arguments: Both parties presented extensive submissions regarding the applicability of case precedents, statutory interpretation, and procedural safeguards.

Judgment: After reviewing precedents and statutory provisions under Indian Penal Code, 1860, the court held that the matter required careful interpretation of legal obligations. The court ruled in favor of the petitioner, citing principles of natural justice, proportionality, and due process.

Keywords: Salary dispute, Indian Penal Code, 1860, judgment, reasoning, legal interpretation, relief granted
"
CASE-2175,Property Title Conflict Case 176 vs Respondent,Madras High Court,1999,"Justice A. Kumar, Justice B. Mehta","Indian Penal Code, 1860",Property title conflict,"This case deals with Property title conflict. The court examined relevant provisions under Indian Penal Code, 1860 and evaluated arguments from both parties regarding procedural fairness and compliance with statutory requirements.","Property Title Conflict Case 176 vs Respondent (Madras High Court, 1999)

Bench: Justice A. Kumar, Justice B. Mehta
Act(s) Involved: Indian Penal Code, 1860
Issue: Property title conflict

Facts: The dispute arises from allegations concerning property title conflict. The petitioner argued that their rights were violated, while the respondent maintained adherence to legal procedures.

Arguments: Both parties presented extensive submissions regarding the applicability of case precedents, statutory interpretation, and procedural safeguards.

Judgment: After reviewing precedents and statutory provisions under Indian Penal Code, 1860, the court held that the matter required careful interpretation of legal obligations. The court ruled in favor of the respondent, citing principles of natural justice, proportionality, and due process.

Keywords: Property title conflict, Indian Penal Code, 1860, judgment, reasoning, legal interpretation, relief granted
"
CASE-2176,Bail Application Case 177 vs Respondent,Bombay High Court,2004,"Justice A. Kumar, Justice B. Mehta","Transfer of Property Act, 1882",Bail application,"This case deals with Bail application. The court examined relevant provisions under Transfer of Property Act, 1882 and evaluated arguments from both parties regarding procedural fairness and compliance with statutory requirements.","Bail Application Case 177 vs Respondent (Bombay High Court, 2004)

Bench: Justice A. Kumar, Justice B. Mehta
Act(s) Involved: Transfer of Property Act, 1882
Issue: Bail application

Facts: The dispute arises from allegations concerning bail application. The petitioner argued that their rights were violated, while the respondent maintained adherence to legal procedures.

Arguments: Both parties presented extensive submissions regarding the applicability of case precedents, statutory interpretation, and procedural safeguards.

Judgment: After reviewing precedents and statutory provisions under Transfer of Property Act, 1882, the court held that the matter required careful interpretation of legal obligations. The court ruled in favor of the petitioner, citing principles of natural justice, proportionality, and due process.

Keywords: Bail application, Transfer of Property Act, 1882, judgment, reasoning, legal interpretation, relief granted
"
CASE-2177,Property Title Conflict Case 178 vs Respondent,Supreme Court of India,2021,"Justice A. Kumar, Justice B. Mehta","Indian Contract Act, 1872",Property title conflict,"This case deals with Property title conflict. The court examined relevant provisions under Indian Contract Act, 1872 and evaluated arguments from both parties regarding procedural fairness and compliance with statutory requirements.","Property Title Conflict Case 178 vs Respondent (Supreme Court of India, 2021)

Bench: Justice A. Kumar, Justice B. Mehta
Act(s) Involved: Indian Contract Act, 1872
Issue: Property title conflict

Facts: The dispute arises from allegations concerning property title conflict. The petitioner argued that their rights were violated, while the respondent maintained adherence to legal procedures.

Arguments: Both parties presented extensive submissions regarding the applicability of case precedents, statutory interpretation, and procedural safeguards.

Judgment: After reviewing precedents and statutory provisions under Indian Contract Act, 1872, the court held that the matter required careful interpretation of legal obligations. The court ruled in favor of the respondent, citing principles of natural justice, proportionality, and due process.

Keywords: Property title conflict, Indian Contract Act, 1872, judgment, reasoning, legal interpretation, relief granted
"
CASE-2178,Salary Dispute Case 179 vs Respondent,Karnataka High Court,2016,"Justice A. Kumar, Justice B. Mehta",Rent Control Act,Salary dispute,This case deals with Salary dispute. The court examined relevant provisions under Rent Control Act and evaluated arguments from both parties regarding procedural fairness and compliance with statutory requirements.,"Salary Dispute Case 179 vs Respondent (Karnataka High Court, 2016)

Bench: Justice A. Kumar, Justice B. Mehta
Act(s) Involved: Rent Control Act
Issue: Salary dispute

Facts: The dispute arises from allegations concerning salary dispute. The petitioner argued that their rights were violated, while the respondent maintained adherence to legal procedures.

Arguments: Both parties presented extensive submissions regarding the applicability of case precedents, statutory interpretation, and procedural safeguards.

Judgment: After reviewing precedents and statutory provisions under Rent Control Act, the court held that the matter required careful interpretation of legal obligations. The court ruled in favor of the petitioner, citing principles of natural justice, proportionality, and due process.

Keywords: Salary dispute, Rent Control Act, judgment, reasoning, legal interpretation, relief granted
"
CASE-2179,Bail Application Case 180 vs Respondent,Madras High Court,1995,"Justice A. Kumar, Justice B. Mehta","Indian Penal Code, 1860",Bail application,"This case deals with Bail application. The court examined relevant provisions under Indian Penal Code, 1860 and evaluated arguments from both parties regarding procedural fairness and compliance with statutory requirements.","Bail Application Case 180 vs Respondent (Madras High Court, 1995)

Bench: Justice A. Kumar, Justice B. Mehta
Act(s) Involved: Indian Penal Code, 1860
Issue: Bail application

Facts: The dispute arises from allegations concerning bail application. The petitioner argued that their rights were violated, while the respondent maintained adherence to legal procedures.

Arguments: Both parties presented extensive submissions regarding the applicability of case precedents, statutory interpretation, and procedural safeguards.

Judgment: After reviewing precedents and statutory provisions under Indian Penal Code, 1860, the court held that the matter required careful interpretation of legal obligations. The court ruled in favor of the respondent, citing principles of natural justice, proportionality, and due process.

Keywords: Bail application, Indian Penal Code, 1860, judgment, reasoning, legal interpretation, relief granted
"
